attendance,internal,participation,assignment,quiz,midsem,risk
78,10,5,7,6,8.0,High
91,13,7,15,10,17.5,Low
68,11,2,11,13,23.5,Medium
54,8,1,9,7,16.0,High
82,17,8,13,17,29.5,Low
47,21,5,21,20,26.5,Low
60,6,3,8,9,9.0,High
78,9,6,11,6,10.5,Medium
97,16,6,14,12,30.0,Low
58,12,2,12,15,24.0,Low
62,10,1,9,5,22.0,Medium
50,12,4,15,5,11.0,Medium
50,22,4,24,15,37.0,Low
63,7,1,3,5,1.5,High
92,16,6,17,12,15.0,Low
75,7,2,8,5,9.5,High
79,10,7,5,14,7.0,High
63,6,4,1,8,6.0,High
42,16,2,14,8,33.0,Medium
61,6,5,5,0,5.0,High
92,10,7,8,6,16.0,High
41,21,3,22,14,39.5,Medium
63,7,3,4,6,14.5,High
83,6,5,7,0,12.0,Medium
69,24,1,25,16,40.0,Low
77,12,5,12,16,21.0,Low
41,16,2,16,9,16.0,High
99,8,8,10,9,19.0,Low
60,9,3,11,10,8.5,Medium
72,17,1,18,15,31.5,Low
51,19,2,19,16,31.5,Low
97,20,9,20,20,33.0,Low
61,14,5,18,13,30.0,Low
83,20,8,20,18,32.0,Low
64,16,4,18,17,16.0,Low
88,21,5,16,20,33.5,Low
66,20,3,19,19,21.0,Low
98,16,5,13,10,22.0,Low
81,12,6,14,9,20.0,Low
67,24,5,24,20,33.0,Low
99,7,9,3,5,15.5,High
55,20,3,21,20,22.0,Medium
54,17,2,18,19,27.5,Medium
86,23,6,22,15,27.5,Low
90,12,7,14,4,25.0,Low
83,9,7,8,7,4.5,High
94,24,5,19,20,40.0,Low
91,12,6,15,14,22.0,Low
96,16,6,14,20,30.0,Low
42,5,2,1,0,6.5,High
76,24,6,22,18,26.0,Low
90,10,8,13,6,10.0,Medium
46,22,4,18,20,25.0,Low
60,12,5,10,9,26.0,Low
48,11,5,7,4,12.5,High
78,5,5,4,0,9.5,Medium
57,20,1,17,17,32.0,Medium
43,16,2,20,10,30.0,Low
64,10,1,6,6,5.0,High
99,24,8,25,20,39.0,Low
53,6,1,5,9,1.0,High
89,18,6,22,12,30.0,Low
97,8,5,7,11,2.0,High
48,5,1,0,7,12.5,High
65,22,4,22,20,32.0,Low
92,17,8,18,20,27.5,Low
41,6,4,1,3,2.0,High
59,13,4,16,15,17.5,Medium
67,6,4,8,2,12.0,High
86,13,6,15,9,12.5,Low
99,5,9,6,7,6.5,High
46,15,3,14,12,19.5,Medium
83,7,9,4,4,2.5,High
47,24,5,25,16,32.0,Medium
86,8,8,9,10,11.0,Medium
74,22,4,25,20,25.0,Low
53,10,2,14,6,6.0,High
56,7,3,9,0,14.5,High
75,15,5,15,14,20.5,Low
89,19,6,18,17,32.5,Low
79,9,6,11,7,19.5,Medium
43,24,1,21,20,32.0,Low
41,14,3,15,6,30.0,Medium
45,16,2,12,16,31.0,Low
93,19,9,16,20,32.5,Low
81,21,8,17,20,38.5,Low
43,14,5,13,13,22.0,Low
93,10,8,11,6,12.0,High
68,22,5,25,16,24.0,Low
57,17,5,21,16,16.5,Medium
65,7,5,2,0,4.5,High
83,14,8,18,8,11.0,Low
73,18,5,21,20,20.0,Low
49,10,4,5,12,10.0,High
75,7,4,2,5,12.5,Medium
53,20,3,24,15,38.0,Low
70,11,5,13,9,16.5,Medium
87,24,7,24,20,38.0,Low
54,18,2,18,20,24.0,Low
47,13,1,16,17,15.5,Medium
53,19,3,17,15,30.5,Medium
62,7,5,9,4,0.5,Medium
99,6,8,4,4,4.0,High
96,6,5,2,10,5.0,Medium
79,7,9,9,8,15.5,Medium
60,22,3,23,20,37.0,Low
55,18,5,16,16,36.0,Medium
84,24,5,25,20,27.0,Low
57,22,2,25,20,38.0,Medium
86,14,8,16,16,27.0,Low
92,6,6,1,10,13.0,High
63,5,2,6,9,0.0,High
65,8,1,7,6,5.0,High
64,18,1,19,12,28.0,Low
99,5,8,8,8,1.5,Medium
99,18,7,14,12,33.0,Low
99,20,7,18,18,25.0,Low
84,18,5,16,11,26.0,Low
80,24,9,20,17,40.0,Low
68,7,1,4,1,9.5,High
54,7,1,9,2,5.5,High
84,13,8,16,10,14.5,Low
40,10,2,10,14,24.0,Medium
64,17,2,21,16,29.5,Low
46,6,4,2,7,2.0,High
48,12,3,8,13,23.0,Medium
63,6,1,7,4,6.0,High
40,8,1,10,3,8.0,High
83,19,5,21,12,36.5,Low
47,8,5,8,1,18.0,High
63,17,4,21,12,27.5,Low
50,16,1,18,13,28.0,Low
90,17,9,12,11,16.5,Medium
56,18,3,21,15,26.0,Medium
47,24,2,19,20,38.0,Low
74,22,1,19,18,40.0,Low
74,10,3,13,3,15.0,Medium
72,15,1,14,14,24.5,Low
98,6,8,9,2,17.0,High
44,23,4,25,20,28.5,Medium
81,23,7,23,16,26.5,Low
78,9,7,4,7,21.5,High
97,23,9,25,20,36.5,Low
80,6,6,7,6,3.0,High
67,14,5,14,14,22.0,Low
46,6,1,9,0,12.0,High
48,15,2,16,13,17.5,High
47,22,5,20,20,31.0,Low
51,19,4,20,16,34.5,Medium
73,13,4,9,5,16.5,Medium
72,23,4,23,16,36.5,Low
87,13,5,13,8,13.5,Low
94,7,6,3,2,16.5,High
62,13,5,11,6,11.5,Low
63,18,1,20,17,22.0,Low
76,23,9,25,16,37.5,Low
74,11,4,13,5,20.5,Medium
83,20,5,22,15,33.0,Low
79,20,7,15,20,30.0,Low
61,5,1,1,6,7.5,High
66,8,5,6,0,10.0,High
74,8,4,11,7,7.0,High
40,11,5,8,14,20.5,Medium
74,12,4,12,8,19.0,Low
76,21,8,22,19,26.5,Low
86,9,8,11,8,3.5,Medium
53,11,3,12,7,21.5,High
42,24,1,21,20,40.0,Low
40,24,2,24,20,40.0,Low
44,8,4,7,10,3.0,High
65,10,2,14,9,21.0,Medium
94,11,7,9,11,8.5,Medium
53,22,1,17,15,25.0,Medium
78,9,9,10,3,7.5,High
66,24,5,25,16,40.0,Low
48,7,1,3,2,16.5,High
54,11,5,12,7,25.5,Medium
54,18,2,18,20,22.0,Medium
65,11,5,10,3,6.5,Medium
81,9,8,7,8,9.5,High
99,9,8,5,2,17.5,Medium
52,6,3,10,0,5.0,High
90,10,9,10,3,23.0,Low
71,19,1,18,20,37.5,Low
78,14,7,10,10,21.0,Low
88,11,8,15,11,19.5,Low
91,9,6,10,9,15.5,Medium
71,5,4,5,0,16.5,Medium
43,17,5,20,10,23.5,Low
69,22,3,25,16,31.0,Low
76,17,7,16,15,30.5,Low
62,22,1,25,20,34.0,Low
78,9,8,12,3,12.5,Medium
84,17,5,12,9,20.5,Low
54,8,4,7,5,19.0,High
82,21,7,24,15,22.5,Low
68,7,1,8,0,19.5,Medium
75,21,1,21,20,29.5,Low
52,15,2,15,10,30.5,Medium
71,24,2,25,20,31.0,Low
46,8,2,3,0,3.0,High
98,6,7,4,0,13.0,Medium
90,24,7,19,20,40.0,Low
61,20,4,20,13,35.0,Low
67,22,4,20,20,30.0,Low
41,12,3,7,11,17.0,Medium
81,7,8,10,0,9.5,Medium
84,13,5,11,15,26.5,Low
96,24,6,24,17,35.0,Low
92,10,8,11,12,13.0,Low
45,14,5,16,16,29.0,Low
67,14,1,17,15,11.0,Low
67,17,2,20,18,18.5,Low
83,21,8,23,20,23.5,Low
83,13,7,17,16,18.5,Low
59,21,5,18,18,32.5,Low
69,13,2,9,16,26.5,Low
50,13,3,12,15,28.5,Low
97,5,8,0,0,2.5,High
94,6,6,3,0,0.0,High
67,20,2,15,12,29.0,Low
64,5,1,2,7,0.0,High
78,14,7,12,8,19.0,Low
72,22,4,23,20,32.0,Low
40,12,2,11,12,9.0,Medium
96,15,9,14,11,19.5,Low
66,6,3,1,10,15.0,High
96,12,9,14,9,24.0,Low
91,12,5,10,8,11.0,Low
52,21,2,25,13,38.5,Medium
80,19,5,18,20,29.5,Low
42,21,4,17,13,37.5,Low
78,17,8,12,12,23.5,Low
45,23,1,25,17,40.0,Low
47,9,5,5,11,16.5,High
66,16,2,16,15,27.0,Low
48,5,1,0,8,13.5,High
76,9,8,4,12,4.5,High
72,12,1,15,10,15.0,Low
90,17,9,15,19,19.5,Low
81,12,6,15,10,14.0,Low
83,15,8,14,14,27.5,Low
63,5,4,6,6,12.5,High
54,17,2,12,15,31.5,Medium
98,23,6,23,20,30.5,Low
93,7,5,9,0,19.5,Medium
71,21,3,16,16,28.5,Low
71,9,3,12,11,10.5,Medium
63,24,5,21,20,36.0,Low
80,12,8,7,6,22.0,Medium
91,18,7,13,12,34.0,Low
88,8,8,8,5,7.0,Medium
88,15,5,15,7,23.5,Low
97,24,7,19,16,40.0,Low
91,19,8,16,15,23.5,Low
51,23,2,24,15,40.0,Low
78,11,9,15,12,25.5,Medium
41,23,4,20,20,32.5,Low
42,23,1,20,16,31.5,Medium
88,15,6,12,12,25.5,Low
76,9,7,10,10,21.5,Low
88,9,9,7,10,21.5,Medium
95,12,8,10,8,15.0,Low
56,14,2,11,15,12.0,Medium
98,10,5,14,13,8.0,Medium
88,19,6,22,20,23.5,Low
41,20,3,16,15,22.0,Low
41,21,1,19,13,23.5,Low
67,12,2,14,6,26.0,Medium
93,12,5,12,16,18.0,Low
62,13,3,14,16,18.5,Low
76,6,6,7,1,10.0,High
71,19,5,15,12,31.5,Low
72,22,4,20,20,40.0,Low
40,7,5,11,0,8.5,High
58,21,5,25,14,35.5,Low
41,8,4,8,10,4.0,High
92,8,5,5,0,12.0,Medium
83,18,5,21,19,26.0,Low
65,13,2,11,6,26.5,Low
71,13,1,17,10,12.5,Low
45,22,1,18,16,35.0,Medium
71,14,4,14,15,16.0,Low
94,8,8,3,4,14.0,High
43,16,3,16,8,33.0,Medium
94,12,8,16,11,12.0,Medium
50,6,5,1,10,18.0,Medium
95,17,6,19,12,28.5,Low
98,20,8,19,20,32.0,Low
56,6,2,6,1,12.0,High
77,15,6,11,8,19.5,Low
63,14,1,10,8,26.0,Low
44,19,3,22,15,30.5,Medium
91,21,7,18,20,35.5,Low
73,12,3,12,13,26.0,Low
45,22,3,25,20,23.0,Low
61,13,5,12,17,10.5,Medium
50,12,5,10,9,25.0,Medium
87,18,8,22,16,35.0,Low
55,22,2,18,17,30.0,Low
72,24,2,25,20,28.0,Low
48,24,4,25,20,39.0,Medium
99,16,5,17,10,22.0,Low
98,23,6,19,20,31.5,Low
45,18,3,18,13,33.0,Medium
55,21,4,23,20,36.5,Medium
68,7,2,8,11,9.5,Medium
42,11,3,6,10,15.5,High
59,21,2,20,20,26.5,Medium
99,16,7,12,14,30.0,Low
98,13,8,13,12,24.5,Low
75,19,2,20,18,32.5,Low
58,22,2,23,15,36.0,Medium
65,17,3,14,17,18.5,Low
42,12,1,13,9,11.0,Medium
58,18,5,17,20,18.0,Low
59,12,2,14,7,18.0,Medium
71,18,2,20,14,20.0,Low
46,11,2,12,12,21.5,Medium
91,16,8,16,12,17.0,Medium
80,15,8,11,13,12.5,Low
72,15,3,15,15,30.5,Low
79,17,6,20,15,16.5,Low
78,22,9,18,20,31.0,Low
57,6,1,1,1,11.0,High
79,19,5,18,20,35.5,Low
40,24,1,24,20,40.0,Low
50,22,4,19,17,38.0,Medium
67,19,5,21,16,27.5,Low
96,23,9,24,20,32.5,Low
64,16,4,12,16,24.0,Low
89,17,7,18,9,18.5,Low
62,15,5,10,7,21.5,Low
70,9,4,12,13,5.5,Medium
69,5,1,6,4,2.5,High
81,7,5,7,9,2.5,Medium
74,23,2,19,20,32.5,Low
46,11,4,8,11,8.5,High
99,16,6,11,18,31.0,Low
55,19,3,23,13,25.5,Medium
65,9,1,8,10,10.5,High
87,19,7,22,20,32.5,Low
96,12,5,12,8,20.0,Low
91,14,9,13,8,17.0,Low
99,20,8,17,16,38.0,Low
88,12,9,11,13,15.0,Low
41,5,3,7,0,6.5,High
40,16,5,12,18,30.0,Low
87,9,9,8,4,3.5,Medium
51,7,1,7,4,12.5,High
44,5,2,9,0,9.5,High
76,8,9,10,12,17.0,Low
71,12,5,14,10,16.0,Low
98,7,6,6,6,9.5,Medium
94,14,7,17,6,16.0,Low
48,6,4,4,10,3.0,High
80,15,6,18,10,13.5,Low
74,14,2,15,16,21.0,Low
58,18,3,18,13,25.0,Low
87,11,6,9,15,11.5,Medium
55,6,2,2,2,6.0,High
42,13,4,15,16,17.5,Medium
59,20,5,20,20,28.0,Medium
63,17,4,14,12,22.5,Low
93,13,7,14,13,20.5,Low
95,24,8,25,20,33.0,Low
72,8,5,9,12,4.0,High
63,14,2,14,7,23.0,Low
91,16,8,12,8,32.0,Low
50,21,3,23,20,22.5,Medium
88,18,6,13,10,33.0,Low
47,18,1,13,15,32.0,Low
75,6,2,6,0,2.0,High
77,24,8,23,19,40.0,Low
79,15,6,18,12,25.5,Low
59,20,4,21,16,21.0,Low
74,23,3,19,20,36.5,Low
87,10,9,11,7,24.0,Medium
64,23,5,20,17,40.0,Low
74,9,2,4,5,17.5,High
64,8,1,10,1,21.0,Low
68,19,2,16,17,22.5,Low
57,8,5,10,2,8.0,High
85,24,5,25,16,40.0,Low
57,14,4,10,13,21.0,Low
41,7,3,2,6,17.5,High
93,9,9,10,3,7.5,Medium
74,10,5,5,14,17.0,Medium
55,12,1,12,10,25.0,Medium
80,11,9,15,11,7.5,Medium
75,14,1,18,13,30.0,Low
72,10,4,12,4,8.0,Medium
43,18,1,19,20,29.0,Medium
72,8,3,6,1,17.0,High
53,17,1,12,20,20.5,Medium
60,24,2,19,20,33.0,Low
87,21,7,19,19,36.5,Low
59,11,4,10,9,18.5,Medium
95,8,6,9,8,5.0,High
47,18,1,16,14,18.0,Medium
46,7,1,11,2,8.5,High
42,9,3,4,8,20.5,High
56,20,4,24,15,36.0,Low
72,24,5,25,19,33.0,Low
87,8,9,4,11,16.0,High
51,6,1,2,9,7.0,High
98,22,7,24,15,39.0,Low
90,23,6,25,20,25.5,Low
61,23,4,25,15,29.5,Low
94,21,8,25,16,25.5,Low
61,18,5,17,16,33.0,Low
85,23,9,25,20,25.5,Low
69,17,4,13,17,32.5,Low
77,16,9,15,16,23.0,Low
77,10,9,12,13,14.0,Low
84,8,7,8,9,7.0,Medium
90,23,5,20,15,35.5,Low
93,20,8,22,16,36.0,Low
47,17,2,20,15,27.5,Medium
66,8,5,7,12,21.0,Medium
66,21,5,17,19,36.5,Low
73,5,2,1,6,6.5,High
60,22,2,23,19,24.0,Low
69,24,2,19,20,27.0,Low
72,21,2,25,20,27.5,Low
67,19,1,15,14,23.5,Low
86,15,5,19,9,12.5,Low
72,17,1,15,20,26.5,Low
44,5,4,0,9,9.5,High
99,21,5,19,20,32.5,Low
87,10,5,14,13,23.0,Low
58,8,4,7,12,10.0,High
43,24,2,25,20,35.0,Medium
74,20,1,15,15,36.0,Low
88,19,5,18,18,35.5,Low
56,19,4,15,20,25.5,Low
83,10,6,13,2,11.0,High
67,19,2,19,17,26.5,Low
69,18,5,14,20,26.0,Low
68,15,2,12,12,23.5,Low
85,11,7,13,15,20.5,Low
92,13,9,8,16,23.5,Low
45,20,5,17,12,23.0,Low
74,9,1,13,4,6.5,High
99,24,6,19,20,26.0,Low
80,14,9,16,10,22.0,Low
76,22,7,17,20,24.0,Low
63,7,5,6,6,14.5,High
68,17,3,15,12,31.5,Low
88,15,7,16,9,18.5,Low
85,21,8,20,14,26.5,Low
92,17,5,19,12,26.5,Low
70,10,5,5,12,23.0,Medium
74,21,3,20,20,21.5,Low
99,17,7,15,20,28.5,Low
72,23,2,20,18,27.5,Low
91,23,8,22,20,28.5,Low
60,14,5,18,15,11.0,Medium
71,7,3,4,3,0.5,High
62,18,1,20,20,22.0,Low
72,23,1,20,20,28.5,Low
42,9,2,4,9,4.5,High
57,9,5,12,2,7.5,High
64,24,5,25,20,34.0,Low
81,21,9,21,20,39.5,Low
70,14,2,18,15,25.0,Low
93,9,9,4,9,15.5,High
97,8,5,10,11,13.0,Medium
42,10,3,6,14,9.0,High
79,8,6,11,2,3.0,High
85,11,6,13,3,9.5,High
63,11,2,8,4,23.5,Medium
89,22,6,21,19,32.0,Low
71,7,1,10,3,12.5,Medium
86,5,6,0,0,8.5,High
61,8,4,11,0,3.0,Medium
62,10,2,8,12,19.0,Medium
41,13,1,11,8,22.5,Medium
66,18,3,16,20,26.0,Low
81,16,7,20,11,21.0,Low
41,24,4,25,20,40.0,Low
65,8,2,8,5,14.0,High
56,16,2,18,17,21.0,Low
79,14,6,12,11,24.0,Low
72,11,2,8,3,6.5,High
48,7,2,2,8,12.5,High
82,18,5,22,18,24.0,Low
93,14,5,15,16,28.0,Low
87,20,7,18,18,28.0,Low
78,20,7,22,18,32.0,Low
68,14,1,11,16,13.0,Low
81,17,6,12,15,32.5,Low
94,10,8,9,3,14.0,High
65,16,5,12,9,18.0,Low
74,13,5,10,10,14.5,Low
89,17,8,17,15,22.5,Low
64,8,2,5,2,8.0,High
63,15,5,12,19,29.5,Low
52,24,2,24,19,39.0,Low
99,22,8,21,20,37.0,Low
97,15,7,19,9,21.5,Low
46,8,3,11,6,13.0,High
96,22,9,17,20,29.0,Low
75,5,3,2,0,3.5,High
84,11,9,8,15,16.5,Medium
59,10,4,10,8,17.0,Medium
40,19,5,21,15,32.5,Medium
47,22,2,19,14,40.0,Low
85,15,7,12,16,18.5,Low
55,24,2,24,19,31.0,Medium
53,19,2,21,17,28.5,Low
51,20,2,20,20,27.0,Medium
90,11,7,15,4,25.5,Medium
62,14,1,11,7,11.0,Medium
54,16,3,14,8,21.0,Low
67,18,2,13,11,24.0,Low
73,9,4,11,10,21.5,Medium
41,22,5,20,20,25.0,Medium
71,9,5,9,11,7.5,High
62,7,4,4,6,2.5,High
61,9,2,9,8,17.5,High
90,21,5,24,13,34.5,Low
64,23,3,25,15,38.5,Low
97,23,7,25,20,40.0,Low
61,16,3,13,17,31.0,Low
97,13,9,10,8,10.5,Low
97,5,7,3,2,8.5,High
61,22,3,23,20,38.0,Low
88,8,5,5,12,5.0,High
91,14,9,18,7,12.0,Medium
81,11,5,13,15,19.5,Low
45,5,1,7,0,7.5,High
54,21,3,21,18,33.5,Low
93,6,8,4,7,5.0,Medium
82,15,6,14,10,21.5,Low
99,13,7,9,16,9.5,Low
76,11,7,11,4,9.5,Medium
72,21,5,18,19,38.5,Low
47,21,1,21,16,26.5,Medium
92,6,8,5,5,0.0,High
99,10,7,6,9,7.0,High
83,18,7,17,16,30.0,Low
83,10,5,9,11,12.0,Medium
44,6,5,9,6,14.0,High
78,5,9,7,0,15.5,High
43,14,1,15,12,28.0,Low
45,9,5,6,10,8.5,High
84,6,6,10,7,12.0,High
71,20,2,18,20,22.0,Low
91,6,9,6,0,14.0,High
69,14,1,11,9,11.0,Medium
86,6,8,9,0,10.0,High
74,20,2,22,20,33.0,Low
94,20,9,20,16,38.0,Low
79,23,8,21,17,40.0,Low
91,11,5,12,6,14.5,High
55,16,1,13,13,20.0,Medium
52,19,1,23,20,31.5,Medium
89,12,6,14,4,12.0,Low
99,10,5,5,8,22.0,Medium
81,14,6,11,13,19.0,Low
69,7,2,6,5,6.5,High
58,23,3,22,20,32.5,Medium
56,21,4,25,20,24.5,Low
95,11,5,7,15,22.5,Medium
58,24,1,25,19,37.0,Medium
67,8,3,10,6,7.0,Medium
97,18,7,17,18,34.0,Low
94,24,6,25,20,33.0,Low
65,19,5,20,12,32.5,Low
76,12,9,11,8,10.0,Low
65,19,3,21,14,19.5,Low
92,24,5,25,20,34.0,Low
62,18,2,16,14,24.0,Low
48,13,4,11,13,12.5,Medium
51,12,2,14,12,9.0,Medium
92,21,8,16,15,34.5,Low
40,6,2,4,10,0.0,High
97,7,9,7,8,1.5,High
97,12,7,10,9,14.0,Medium
40,16,2,16,13,25.0,Low
86,5,8,4,0,2.5,High
73,14,5,17,16,28.0,Low
71,24,3,25,20,29.0,Low
93,7,5,10,8,18.5,Medium
87,10,8,8,4,17.0,Medium
64,11,3,9,3,25.5,Medium
79,24,6,25,20,27.0,Low
84,22,5,25,20,30.0,Low
92,15,6,13,11,30.5,Low
40,23,1,19,20,32.5,Medium
55,9,3,5,7,6.5,High
78,23,7,18,15,39.5,Low
44,15,5,14,14,30.5,Low
61,16,4,16,10,23.0,Low
68,14,5,17,12,16.0,Low
94,12,5,11,15,23.0,Low
42,13,4,13,7,18.5,Medium
51,8,3,8,2,14.0,High
65,9,5,6,10,11.5,Medium
55,12,3,10,12,14.0,Medium
90,13,8,8,17,12.5,Medium
76,19,6,17,12,36.5,Low
61,19,3,14,14,21.5,Low
96,20,5,19,17,38.0,Low
68,18,4,20,12,35.0,Low
53,12,3,14,15,19.0,Medium
67,22,5,21,20,35.0,Low
44,14,4,18,15,14.0,Medium
86,24,5,20,20,35.0,Low
88,10,7,10,8,11.0,Medium
69,16,4,11,12,18.0,Low
85,6,6,7,0,15.0,High
91,11,5,9,4,23.5,Medium
44,20,5,19,15,30.0,Medium
51,7,1,7,11,14.5,High
55,17,4,12,12,21.5,Medium
65,7,4,10,9,17.5,Medium
65,22,1,25,20,28.0,Low
87,15,5,13,14,29.5,Low
60,12,2,14,16,23.0,Low
78,10,5,9,6,6.0,High
75,5,5,7,9,15.5,High
72,5,4,0,2,0.0,High
69,12,2,14,11,18.0,Low
76,9,8,7,1,22.5,Medium
62,20,3,16,16,24.0,Low
97,15,7,15,10,27.5,Low
49,9,5,5,4,3.5,High
93,8,8,7,10,20.0,Medium
44,10,2,6,3,18.0,High
75,18,4,15,19,19.0,Low
73,23,5,23,15,25.5,Low
91,13,6,8,10,13.5,Low
70,16,2,16,14,30.0,Low
49,15,5,12,11,29.5,Low
97,18,9,19,17,17.0,Low
58,20,1,16,20,34.0,Low
97,5,6,5,7,5.5,High
71,17,5,19,19,19.5,Low
40,17,4,12,10,27.5,Medium
95,6,9,9,8,17.0,Medium
44,8,1,7,12,11.0,High
84,10,7,9,5,24.0,Medium
43,9,3,8,11,16.5,High
55,7,2,7,7,11.5,High
63,5,1,1,1,7.5,High
55,8,3,8,2,8.0,High
94,24,9,22,20,40.0,Low
41,6,3,8,0,16.0,High
88,9,6,12,5,9.5,Medium
67,7,4,10,1,19.5,Medium
71,13,4,15,10,14.5,Low
66,24,3,21,20,36.0,Low
59,10,5,14,11,16.0,Medium
63,22,1,20,18,38.0,Low
51,10,3,5,10,23.0,High
89,23,8,25,17,40.0,Low
74,16,3,15,13,24.0,Low
99,15,8,15,14,27.5,Low
72,6,3,3,4,10.0,High
72,19,4,23,16,25.5,Low
90,16,9,18,9,16.0,Medium
82,16,9,17,14,15.0,Low
76,13,6,8,12,14.5,Medium
51,6,5,10,0,14.0,Medium
42,7,4,6,7,19.5,High
40,16,2,20,11,28.0,Low
72,20,1,23,19,33.0,Low
79,5,8,5,6,0.0,High
49,7,3,9,5,19.5,High
82,24,5,25,20,40.0,Low
83,6,9,1,7,12.0,High
68,13,4,17,11,26.5,Low
52,23,1,24,16,25.5,Medium
51,19,3,16,11,18.5,Low
70,22,2,25,17,40.0,Low
85,15,8,15,18,13.5,Low
41,20,1,19,13,28.0,Medium
90,21,7,23,20,29.5,Low
89,9,6,11,10,18.5,Low
74,16,2,13,14,24.0,Low
62,15,1,11,14,17.5,Medium
56,19,5,15,20,29.5,Low
65,7,5,6,4,2.5,High
47,5,1,9,0,8.5,High
68,24,5,25,20,26.0,Low
65,20,4,22,20,28.0,Low
49,6,5,10,9,18.0,Medium
65,6,1,8,6,4.0,High
73,7,3,9,4,10.5,High
90,12,8,16,15,10.0,Low
80,19,5,16,20,21.5,Low
46,11,1,7,12,15.5,High
43,10,2,8,2,23.0,High
97,13,5,8,5,14.5,Medium
92,24,7,21,20,26.0,Low
89,5,8,8,2,4.5,High
84,12,7,13,11,15.0,Medium
50,7,3,8,6,5.5,High
68,8,1,3,10,18.0,High
95,19,7,20,18,36.5,Low
75,10,3,14,11,5.0,Medium
64,19,1,20,17,32.5,Low
60,7,5,5,5,12.5,High
96,18,7,19,19,19.0,Low
75,24,1,25,19,27.0,Low
49,18,5,15,18,19.0,Low
76,8,9,12,11,10.0,Low
48,16,5,12,9,29.0,Low
63,21,4,22,20,33.5,Low
74,11,4,10,11,24.5,Medium
88,13,6,12,14,26.5,Low
74,7,3,6,1,11.5,High
87,17,5,18,20,26.5,Low
75,19,2,22,12,18.5,Low
57,22,1,24,20,40.0,Low
88,23,5,23,18,31.5,Low
78,5,5,6,1,13.5,High
71,10,3,13,3,24.0,Medium
63,6,5,6,10,5.0,High
62,18,1,13,10,25.0,Low
71,10,5,8,11,21.0,Low
76,18,8,20,20,26.0,Low
51,8,3,9,4,5.0,High
88,12,7,9,12,14.0,Medium
94,7,9,11,10,6.5,Medium
52,23,1,20,20,31.5,Medium
62,18,4,15,14,24.0,Low
64,24,1,19,20,40.0,Low
74,21,2,25,20,32.5,Low
80,12,7,7,13,22.0,Low
69,18,1,18,18,24.0,Low
56,10,5,5,14,13.0,High
88,20,5,19,20,22.0,Low
59,23,3,21,20,39.5,Medium
87,18,5,17,15,31.0,Low
64,23,4,24,17,27.5,Low
61,7,1,7,2,19.5,High
52,14,4,17,9,26.0,Low
98,23,7,23,15,33.5,Low
58,13,1,16,7,19.5,Medium
88,24,9,22,18,30.0,Low
75,17,4,12,20,25.5,Low
51,11,4,6,3,18.5,High
80,18,7,22,20,31.0,Low
58,13,5,14,13,14.5,Low
51,23,4,20,20,39.5,Low
48,19,3,15,11,32.5,Medium
46,24,4,24,20,36.0,Medium
67,18,2,18,10,36.0,Low
53,10,4,11,3,6.0,High
70,8,5,7,1,3.0,High
91,12,6,14,9,19.0,Low
58,21,1,22,19,36.5,Medium
97,13,9,9,15,27.5,Low
86,5,5,0,0,0.0,High
55,24,1,25,18,40.0,Medium
92,18,5,17,11,30.0,Low
44,15,1,14,14,27.5,Medium
74,7,2,11,7,4.5,High
51,13,1,11,17,18.5,Medium
64,18,3,14,11,33.0,Low
91,13,7,12,6,21.5,Low
98,8,8,4,9,17.0,High
60,8,1,9,8,10.0,Medium
75,12,1,15,7,11.0,Medium
92,6,5,9,2,14.0,High
62,13,3,13,17,19.5,Low
55,18,5,13,20,23.0,Low
96,13,6,13,13,25.5,Low
78,20,6,19,17,32.0,Low
84,21,6,19,20,24.5,Low
92,20,7,20,20,33.0,Low
81,16,6,16,16,23.0,Low
97,7,8,7,7,9.5,High
78,15,7,11,13,21.5,Low
53,18,2,19,20,28.0,Medium
70,22,1,20,20,24.0,Low
97,9,6,12,9,11.5,Medium
44,20,2,24,16,24.0,Low
74,24,1,20,20,33.0,Low
62,9,2,8,12,16.5,High
68,7,4,5,6,6.5,High
82,16,5,19,17,20.0,Low
50,5,3,3,0,5.5,High
57,13,2,15,13,11.5,High
86,13,5,15,11,22.5,Low
51,8,3,8,6,18.0,High
48,7,2,7,11,17.5,High
49,21,3,23,15,32.5,Low
97,6,9,10,1,12.0,Medium
83,5,9,8,3,9.5,High
56,12,4,11,14,21.0,Low
77,17,7,12,19,23.5,Low
46,19,2,14,15,36.5,Low
85,12,5,8,15,9.0,Medium
52,16,1,20,10,24.0,Low
79,16,5,20,8,30.0,Low
81,18,9,17,16,18.0,Low
48,19,1,17,16,36.5,Medium
89,19,9,14,20,24.5,Low
66,13,1,11,11,26.5,Low
97,23,9,21,16,36.5,Low
41,24,5,25,20,30.0,Low
44,12,4,10,15,25.0,Low
68,23,2,18,18,39.5,Low
76,10,6,13,3,19.0,Medium
77,24,5,21,20,33.0,Low
58,23,5,21,20,38.5,Low
47,8,3,7,0,2.0,High
87,11,6,12,4,22.5,Medium
84,8,6,8,1,16.0,High
40,16,1,15,11,27.0,Medium
61,17,3,19,11,28.5,Low
91,7,6,2,0,9.5,Medium
56,16,1,17,19,15.0,Medium
46,6,4,6,0,4.0,High
64,6,4,5,8,15.0,High
84,13,9,14,13,13.5,Low
43,5,1,2,9,1.5,High
75,12,4,7,4,22.0,Medium
45,10,2,13,10,19.0,Medium
99,10,9,6,8,24.0,Medium
70,22,5,25,15,33.0,Low
58,21,2,18,14,25.5,Medium
83,16,6,18,12,14.0,Medium
93,10,5,14,14,15.0,Medium
78,12,6,15,8,18.0,Low
66,23,4,20,18,29.5,Low
49,14,2,14,17,18.0,Medium
65,5,4,6,6,0.0,High
58,17,2,12,18,29.5,Medium
78,21,9,22,20,29.5,Low
42,7,2,5,10,14.5,High
84,12,5,11,6,15.0,Low
52,18,5,20,13,32.0,Medium
89,7,5,5,8,13.5,High
67,20,5,18,15,34.0,Low
97,17,5,19,10,34.5,Low
59,24,2,23,20,38.0,Medium
67,21,3,21,17,29.5,Low
47,17,5,16,13,15.5,Low
80,10,6,5,12,10.0,High
78,21,7,22,20,28.5,Low
40,18,4,18,19,36.0,Low
42,21,4,17,13,38.5,Medium
52,12,1,13,9,25.0,Low
67,15,2,15,17,28.5,Low
96,24,6,23,17,40.0,Low
99,5,5,7,3,9.5,High
88,11,8,10,6,9.5,Medium
64,21,5,17,17,24.5,Low
95,14,6,14,10,24.0,Low
72,15,3,10,11,16.5,Medium
77,13,6,12,6,24.5,Low
92,13,5,13,9,22.5,Low
45,9,1,10,3,16.5,High
97,21,6,17,16,34.5,Low
83,13,9,8,17,22.5,Low
84,21,5,21,14,39.5,Low
71,23,3,20,18,26.5,Low
84,11,7,10,15,22.5,Low
86,13,9,9,13,22.5,Low
60,11,2,6,10,15.5,High
55,17,2,12,20,27.5,Medium
93,15,6,13,17,15.5,Low
60,18,1,22,20,27.0,Low
50,23,5,19,17,38.5,Low
99,15,6,10,7,26.5,Low
76,17,6,17,9,16.5,Low
75,18,5,16,15,27.0,Low
74,17,2,21,11,16.5,Medium
58,5,3,6,0,1.5,High
59,12,3,12,4,20.0,Low
96,16,6,15,15,14.0,Low
57,23,5,25,15,30.5,Low
86,16,8,12,12,20.0,Low
80,12,5,11,9,17.0,Low
88,12,8,15,5,13.0,Low
53,17,3,20,15,34.5,Medium
54,16,5,12,14,25.0,Low
70,20,5,21,12,32.0,Low
40,5,1,9,0,7.5,High
92,17,6,15,20,32.5,Low
93,11,5,8,15,7.5,Medium
93,9,7,4,4,18.5,Medium
42,12,4,9,8,9.0,Medium
55,18,5,21,10,35.0,Low
62,17,2,20,9,20.5,Low
96,19,7,20,17,18.5,Low
50,21,3,18,20,31.5,Medium
51,19,4,16,11,35.5,Low
49,24,1,22,17,35.0,Medium
71,22,5,23,19,40.0,Low
55,22,4,23,19,23.0,Medium
47,6,2,2,0,17.0,High
77,8,5,7,8,17.0,High
51,5,2,6,0,3.5,High
63,8,4,9,12,16.0,Medium
67,22,5,22,20,23.0,Low
92,9,7,13,6,11.5,High
47,23,1,25,20,25.5,Low
97,19,9,21,20,34.5,Low
67,12,5,9,14,17.0,Medium
75,24,3,19,18,31.0,Low
65,21,4,18,20,25.5,Low
47,5,2,1,3,4.5,High
97,16,5,12,16,21.0,Low
99,23,6,19,17,28.5,Low
89,19,6,18,11,29.5,Low
67,13,4,8,6,15.5,Medium
67,11,3,15,14,18.5,Medium
76,6,7,4,8,11.0,High
80,13,7,17,16,25.5,Low
75,14,3,13,6,14.0,Medium
66,6,2,2,8,16.0,High
93,23,6,22,19,33.5,Low
56,15,2,19,16,14.5,High
48,17,5,15,10,26.5,Medium
72,14,4,16,8,11.0,Low
92,18,5,13,17,27.0,Low
59,22,4,21,20,40.0,Low
52,23,4,25,19,36.5,Low
67,13,2,8,8,25.5,Medium
87,11,9,15,7,13.5,Medium
68,7,1,11,8,19.5,Medium
52,24,4,22,20,40.0,Low
85,10,5,12,13,21.0,Low
74,6,5,1,4,0.0,High
45,10,5,6,14,7.0,High
57,7,3,2,7,2.5,High
90,20,8,21,12,25.0,Low
44,12,4,8,7,17.0,High
86,6,9,1,9,16.0,Medium
64,21,1,21,20,38.5,Low
41,13,3,13,13,22.5,Medium
49,16,2,20,12,29.0,Medium
95,7,8,3,6,6.5,High
69,15,1,10,18,12.5,Medium
89,5,7,9,0,13.5,High
98,17,5,14,12,19.5,Low
84,19,5,23,20,18.5,Low
44,9,3,8,12,19.5,Medium
94,21,8,21,20,30.5,Low
95,10,9,7,14,16.0,Medium
72,15,1,18,7,31.5,Medium
93,22,6,21,14,24.0,Low
40,8,3,4,3,17.0,High
57,7,4,11,1,14.5,Medium
71,17,1,17,15,27.5,Low
86,13,6,15,15,26.5,Low
88,10,6,10,4,24.0,Low
50,16,2,14,8,27.0,Medium
60,6,3,6,9,16.0,High
65,7,2,9,9,1.5,Medium
64,7,2,9,8,1.5,High
61,16,1,20,9,16.0,Low
98,19,5,15,20,22.5,Low
66,13,3,15,17,24.5,Low
88,12,5,12,7,22.0,Low
52,15,3,11,7,23.5,Medium
72,20,4,15,12,28.0,Low
73,8,2,8,11,15.0,High
80,5,6,6,4,12.5,Medium
74,11,1,15,9,16.5,Medium
40,6,5,5,5,4.0,High
60,9,1,13,13,12.5,Medium
87,11,9,13,6,13.5,Medium
94,8,8,11,5,17.0,Medium
45,9,3,7,13,5.5,High
67,5,5,6,0,0.0,High
56,5,1,7,7,12.5,High
44,19,1,19,20,36.5,Low
70,24,4,20,20,34.0,Low
44,23,3,24,18,39.5,Low
77,14,5,17,8,14.0,Low
42,22,5,21,17,32.0,Medium
92,7,9,3,4,18.5,Medium
62,15,4,13,17,24.5,Low
76,19,6,16,17,35.5,Low
92,15,5,13,13,26.5,Low
76,21,9,25,20,24.5,Low
49,21,5,22,16,29.5,Medium
49,10,1,14,9,8.0,High
58,9,2,11,7,18.5,Medium
56,12,4,7,5,22.0,Medium
60,6,1,8,10,0.0,High
53,20,2,19,19,33.0,Low
48,24,3,25,20,28.0,Low
85,16,5,11,12,17.0,Low
40,10,5,6,5,5.0,High
90,5,6,0,0,5.5,High
84,8,6,7,12,18.0,Medium
52,21,1,21,16,34.5,Medium
43,17,3,21,14,31.5,Low
40,22,4,25,20,23.0,Low
88,9,9,11,4,12.5,High
79,7,8,8,5,15.5,Medium
71,15,3,14,13,30.5,Low
73,17,2,14,13,17.5,Medium
67,8,1,11,12,13.0,Medium
70,18,2,17,14,19.0,Low
47,15,4,12,16,26.5,Low
78,14,8,11,13,27.0,Low
65,23,3,20,20,40.0,Low
97,22,5,22,20,29.0,Low
73,10,3,5,7,23.0,High
93,19,7,17,17,24.5,Low
93,14,6,16,12,15.0,Medium
42,9,4,6,10,10.5,High
98,9,8,8,2,18.5,High
89,14,5,10,15,26.0,Low
51,9,1,5,2,21.5,High
40,7,3,8,8,14.5,High
93,10,5,14,8,11.0,Medium
83,8,7,5,9,6.0,High
44,22,2,21,20,33.0,Medium
69,13,3,10,11,18.5,Low
69,21,1,21,17,29.5,Low
98,17,8,21,9,15.5,Low
96,19,6,16,12,37.5,Low
56,24,5,25,20,26.0,Medium
87,21,5,17,20,28.5,Low
86,17,8,14,16,17.5,Medium
62,20,3,22,19,21.0,Low
54,8,3,10,9,5.0,High
76,9,7,4,1,21.5,High
60,9,5,11,6,13.5,Medium
53,13,5,17,13,13.5,Low
41,21,3,17,20,30.5,Medium
50,17,2,18,11,22.5,Medium
90,6,9,6,1,11.0,High
78,17,5,13,11,19.5,Low
77,23,9,22,20,35.5,Low
99,7,5,8,7,12.5,High
73,14,4,16,13,18.0,Low
77,6,9,3,10,13.0,Medium
89,17,5,12,18,27.5,Low
73,23,2,24,18,24.5,Low
57,21,2,20,14,26.5,Low
69,18,1,17,20,27.0,Low
54,16,5,17,15,26.0,Low
66,16,4,11,15,33.0,Low
90,15,5,17,18,12.5,Low
73,11,1,15,13,16.5,Medium
91,8,9,7,5,12.0,Medium
96,23,6,25,20,31.5,Low
77,5,6,9,5,0.0,High
72,7,2,11,11,18.5,Medium
63,17,5,16,9,26.5,Low
54,19,3,20,19,23.5,Low
99,6,6,10,0,6.0,Medium
69,15,1,12,19,16.5,Medium
94,8,6,4,0,11.0,Medium
81,23,9,23,20,39.5,Low
90,21,5,20,20,32.5,Low
56,7,1,10,9,16.5,Medium
44,22,1,25,17,28.0,Low
68,12,1,10,11,16.0,Low
43,23,4,20,20,33.5,Low
49,9,5,12,13,22.5,Medium
95,11,6,13,4,19.5,Low
56,12,1,12,8,21.0,Low
49,9,1,4,10,19.5,High
56,21,1,25,16,36.5,Medium
99,9,9,4,3,6.5,High
59,8,2,8,0,3.0,High
63,23,3,20,19,39.5,Low
44,6,1,3,7,0.0,High
73,15,3,15,14,14.5,Low
45,17,4,14,20,25.5,Low
92,19,8,23,19,33.5,Low
41,16,5,16,14,31.0,Low
52,15,2,14,18,26.5,Low
82,11,7,9,13,14.5,High
82,9,8,11,1,14.5,Medium
87,21,9,17,13,38.5,Low
50,24,4,25,16,30.0,Low
90,13,6,11,6,16.5,Low
86,18,8,14,10,19.0,Low
96,16,6,17,11,15.0,Low
62,10,1,5,11,23.0,Medium
94,21,6,19,20,28.5,Low
55,23,4,25,20,25.5,Low
70,23,4,21,18,40.0,Low
50,20,2,17,20,20.0,Low
93,16,6,20,11,26.0,Low
55,16,3,20,14,33.0,Low
47,24,1,20,20,40.0,Medium
43,10,2,7,10,7.0,High
79,8,5,3,6,10.0,Medium
43,10,1,14,2,9.0,High
95,15,7,17,7,17.5,Low
64,5,5,0,0,0.5,High
42,19,2,16,14,34.5,Low
71,15,1,12,7,27.5,Low
42,23,3,19,20,39.5,Low
66,22,4,21,20,33.0,Low
68,21,5,25,14,22.5,Low
71,23,2,20,20,40.0,Low
89,18,5,15,14,31.0,Low
97,22,6,24,20,40.0,Low
90,23,7,21,17,33.5,Low
58,19,1,17,19,23.5,Medium
60,19,1,16,17,33.5,Low
44,8,4,3,8,6.0,High
57,11,5,13,3,17.5,High
67,17,3,12,13,20.5,Low
81,7,5,8,10,13.5,High
61,20,2,19,20,35.0,Low
60,13,5,11,7,15.5,Low
45,12,2,10,7,9.0,Medium
40,24,3,25,19,31.0,Low
44,17,4,17,19,23.5,Low
80,21,8,16,20,27.5,Low
51,21,3,25,19,22.5,Medium
65,21,5,23,20,39.5,Low
85,5,7,1,7,4.5,High
73,12,5,12,11,18.0,Low
88,23,6,25,20,27.5,Low
53,10,5,5,11,20.0,High
65,7,2,7,3,17.5,High
84,9,5,11,13,15.5,Medium
66,17,3,21,20,19.5,Low
48,19,4,15,20,19.5,Low
65,18,1,17,19,27.0,Low
96,20,8,20,18,20.0,Low
86,22,8,21,16,35.0,Low
96,15,9,12,9,16.5,Medium
61,7,1,5,1,17.5,High
86,14,7,15,17,24.0,Low
95,14,6,12,9,23.0,Low
69,20,3,23,17,26.0,Low
82,16,5,20,12,21.0,Low
87,6,8,2,5,16.0,High
56,13,3,12,16,15.5,Medium
65,7,3,9,11,19.5,Medium
75,19,3,18,15,34.5,Low
40,7,5,11,9,15.5,Medium
47,23,1,25,20,34.5,Low
88,22,8,24,18,40.0,Low
74,12,4,15,13,8.0,Low
91,21,9,25,14,28.5,Low
54,12,2,12,15,8.0,Medium
86,11,8,9,13,14.5,High
95,11,6,8,13,24.5,Low
61,7,3,6,3,8.5,High
53,5,2,5,8,6.5,High
65,8,1,5,6,12.0,High
67,9,5,5,2,3.5,High
62,5,2,6,9,16.5,Medium
53,19,2,18,16,25.5,Low
63,9,4,12,7,22.5,Low
41,17,1,14,13,26.5,Low
84,12,7,14,12,8.0,Low
65,12,4,12,7,17.0,Medium
53,9,3,7,13,6.5,High
98,13,6,16,14,23.5,Low
95,5,8,4,0,15.5,High
90,8,7,12,7,7.0,Medium
46,7,5,7,6,4.5,High
42,6,5,9,4,3.0,High
86,12,9,13,11,25.0,Low
62,13,5,12,6,11.5,Low
85,6,8,2,0,0.0,High
82,18,6,16,18,20.0,Low
86,18,8,14,10,34.0,Low
99,8,8,5,7,10.0,Medium
84,10,7,14,9,23.0,Low
57,15,4,12,13,21.5,Low
97,7,7,5,11,14.5,Medium
77,12,7,12,14,8.0,Low
74,7,5,4,3,10.5,High
90,18,7,22,13,30.0,Low
54,17,1,12,18,24.5,Low
64,17,3,12,18,33.5,Low
94,6,9,9,10,14.0,High
76,17,7,20,18,22.5,Low
67,23,3,22,20,25.5,Low
49,10,1,13,7,11.0,High
78,20,7,21,20,38.0,Low
96,6,6,9,8,5.0,Medium
56,12,2,13,4,22.0,Low
78,21,9,24,20,28.5,Low
61,6,2,2,2,12.0,High
65,14,2,16,9,11.0,Medium
83,20,7,21,15,32.0,Low
64,10,3,10,8,7.0,Medium
56,6,1,5,6,4.0,High
52,6,3,4,5,17.0,High
59,17,1,18,19,29.5,Medium
64,19,5,16,20,21.5,Low
43,6,4,8,9,1.0,High
49,11,5,7,10,9.5,High
42,7,3,2,3,4.5,High
80,12,9,8,9,25.0,Low
84,18,7,21,11,26.0,Low
57,11,3,10,15,13.5,High
86,11,8,13,13,17.5,Medium
75,5,3,2,0,0.0,High
86,21,6,22,17,38.5,Low
61,13,1,9,6,16.5,High
73,17,2,19,11,15.5,Low
86,23,6,24,18,37.5,Low
47,23,4,22,20,36.5,Medium
79,21,5,19,17,32.5,Low
88,14,7,9,15,13.0,Low
83,14,7,13,9,28.0,Low
58,8,3,11,12,14.0,High
81,12,8,16,5,22.0,Low
80,24,8,22,20,35.0,Low
76,24,6,25,20,26.0,Low
45,22,1,18,18,28.0,Low
91,18,6,16,14,25.0,Low
65,22,2,25,20,32.0,Low
73,18,4,16,16,31.0,Low
98,24,5,23,16,34.0,Low
95,19,8,21,14,31.5,Low
98,8,6,3,10,12.0,Medium
84,17,9,12,13,21.5,Low
45,12,3,15,11,9.0,Medium
76,22,6,25,20,36.0,Low
96,16,8,14,19,19.0,Low
72,18,2,14,17,21.0,Low
92,6,6,9,0,3.0,High
61,22,4,20,18,40.0,Low
60,6,3,6,7,17.0,High
45,15,5,10,7,17.5,Medium
45,13,1,16,5,18.5,Medium
94,16,5,15,9,27.0,Low
87,21,8,18,14,37.5,Low
43,19,5,17,19,20.5,Medium
69,21,4,16,16,21.5,Low
50,22,2,25,16,32.0,Low
69,10,4,12,12,7.0,Low
70,21,5,19,13,25.5,Low
63,22,4,18,20,40.0,Low
94,12,8,15,5,17.0,Low
48,13,5,11,10,24.5,Low
94,10,9,13,10,5.0,Medium
42,9,1,13,5,8.5,High
90,16,8,13,11,22.0,Low
70,15,3,16,19,16.5,Medium
79,5,6,6,1,10.5,High
76,15,8,19,15,21.5,Low
75,23,2,21,20,25.5,Low
63,13,1,9,17,13.5,Medium
70,6,3,9,4,0.0,High
45,16,5,14,15,23.0,Low
41,8,2,10,3,10.0,High
59,8,3,4,10,4.0,High
67,22,4,24,20,37.0,Low
50,19,1,23,16,21.5,Medium
43,23,3,22,19,36.5,Medium
54,17,3,18,20,20.5,Medium
45,23,5,24,20,40.0,Medium
93,21,8,24,19,37.5,Low
88,10,8,7,7,9.0,High
69,20,1,24,14,34.0,Low
95,16,6,14,12,21.0,Low
77,23,5,25,20,28.5,Low
90,9,7,7,7,15.5,High
96,21,6,25,20,21.5,Low
41,5,2,4,0,0.0,High
54,14,2,14,12,17.0,High
50,19,4,16,15,22.5,Low
47,15,1,13,17,25.5,Low
65,17,2,14,20,29.5,Low
90,9,5,5,2,19.5,Medium
84,5,7,9,9,14.5,Medium
83,16,6,19,13,20.0,Low
44,15,5,10,13,29.5,Medium
45,21,1,17,20,39.5,Low
65,8,4,10,5,21.0,Low
93,19,8,20,18,24.5,Low
43,13,5,8,11,16.5,High
58,24,3,23,17,38.0,Medium
59,23,5,25,20,40.0,Low
72,23,2,23,20,34.5,Low
59,16,1,15,19,22.0,Medium
88,9,6,7,6,3.5,High
51,14,3,9,9,18.0,Medium
86,21,6,22,19,32.5,Low
40,9,1,12,3,4.5,High
65,20,5,20,16,34.0,Low
53,11,4,8,3,23.5,High
77,13,5,17,14,25.5,Low
76,7,8,5,1,14.5,High
50,19,4,23,18,37.5,Low
75,20,5,19,20,39.0,Low
52,22,3,17,20,31.0,Medium
82,18,6,17,19,19.0,Low
42,7,1,2,0,19.5,High
72,16,1,19,11,32.0,Low
45,13,3,14,9,26.5,Low
89,11,6,8,5,25.5,Medium
95,13,8,16,17,16.5,Low
49,17,5,13,19,15.5,Low
44,22,1,23,14,37.0,Low
62,9,4,12,6,21.5,Medium
49,17,3,17,18,24.5,Low
83,8,6,12,1,13.0,Medium
41,6,1,5,6,4.0,High
52,20,5,21,12,32.0,Low
79,13,9,13,15,12.5,Medium
41,13,1,12,13,21.5,Medium
59,10,1,6,8,21.0,Medium
40,15,5,17,17,12.5,Medium
76,5,7,6,9,1.5,Medium
48,8,2,8,9,18.0,High
56,17,2,16,10,32.5,Low
48,17,1,16,14,21.5,Low
50,17,5,20,16,30.5,Low
54,6,3,1,0,6.0,High
63,13,3,16,9,20.5,Low
77,12,5,12,16,21.0,Low
94,11,8,9,14,24.5,Low
74,8,2,12,10,12.0,Medium
69,22,1,23,19,34.0,Low
70,7,4,10,1,12.5,Medium
88,10,9,9,13,12.0,Medium
44,16,5,15,9,14.0,Medium
99,16,6,18,18,22.0,Low
83,12,7,13,9,9.0,Medium
89,5,5,7,0,10.5,High
53,8,1,12,1,14.0,High
92,15,6,11,7,27.5,Low
95,7,9,10,6,1.5,Medium
50,17,5,14,9,18.5,Low
48,21,4,21,20,32.5,Medium
73,14,5,14,10,26.0,Low
51,16,5,12,18,23.0,Medium
74,19,4,20,16,20.5,Low
74,14,2,17,16,14.0,Medium
40,18,5,22,20,22.0,Medium
79,17,9,12,20,19.5,Low
61,9,5,11,3,20.5,Medium
99,10,6,6,8,7.0,High
68,6,4,1,0,8.0,High
47,21,5,23,19,31.5,Medium
50,8,4,4,1,20.0,High
80,18,8,18,14,30.0,Low
76,14,6,14,12,21.0,Low
53,7,5,6,9,3.5,High
99,7,8,9,9,5.5,Medium
69,19,1,16,13,34.5,Low
74,10,5,14,12,23.0,Low
60,21,2,19,16,33.5,Low
76,16,9,17,8,23.0,Low
44,24,2,25,18,36.0,Medium
58,15,1,17,15,17.5,Medium
98,8,9,4,9,3.0,Medium
53,10,2,6,6,5.0,High
65,5,1,3,4,7.5,High
43,24,1,25,17,40.0,Medium
64,20,4,23,14,22.0,Low
84,19,5,23,17,22.5,Low
81,21,9,24,20,35.5,Low
64,12,2,10,7,22.0,Low
57,16,2,19,16,17.0,Medium
79,14,7,11,12,14.0,Low
47,19,2,18,20,25.5,Low
78,13,8,17,16,15.5,Low
79,6,9,9,0,15.0,High
53,9,2,9,4,17.5,High
71,10,1,7,11,9.0,High
90,11,6,15,13,18.5,Low
77,5,6,8,2,0.5,High
72,11,3,11,8,22.5,Medium
62,24,2,22,20,40.0,Low
54,16,1,14,13,27.0,Medium
72,20,2,22,16,33.0,Low
64,20,3,21,14,36.0,Low
56,15,2,10,8,19.5,Low
72,8,5,8,2,3.0,High
86,17,8,19,17,27.5,Low
94,11,6,8,5,21.5,Medium
41,8,1,11,2,17.0,High
53,19,2,23,11,23.5,Low
92,23,9,19,16,27.5,Low
79,13,9,13,15,11.5,Low
79,15,9,10,18,17.5,Low
90,12,9,8,6,11.0,High
78,5,5,4,0,14.5,High
90,12,7,7,11,13.0,Medium
45,17,3,19,14,19.5,Medium
45,8,1,3,6,10.0,High
42,12,5,15,4,18.0,Low
46,7,4,11,4,5.5,High
90,13,9,10,6,24.5,Low
47,6,5,2,10,17.0,High
81,6,5,1,3,9.0,High
91,17,8,20,11,29.5,Low
54,19,1,17,17,26.5,Low
86,16,6,11,10,32.0,Low
68,8,2,3,8,20.0,Medium
72,12,3,13,6,16.0,Medium
91,13,8,9,11,12.5,Medium
69,9,2,10,12,12.5,High
78,24,8,25,19,34.0,Low
66,22,2,25,20,40.0,Low
75,15,5,18,8,26.5,Low
68,19,1,20,18,36.5,Low
77,13,7,8,13,10.5,Medium
96,21,9,23,20,30.5,Low
72,16,4,18,15,32.0,Low
76,11,6,9,8,22.5,Medium
66,14,3,16,15,30.0,Low
94,14,6,12,6,12.0,Medium
72,17,2,19,15,33.5,Low
43,23,2,22,15,40.0,Medium
61,15,4,13,13,29.5,Low
41,17,1,17,10,31.5,Medium
49,12,5,8,11,9.0,High
44,12,5,8,5,26.0,Medium
98,8,5,4,2,2.0,High
49,19,1,22,20,28.5,Low
72,15,3,19,18,21.5,Low
93,15,7,12,9,16.5,Medium
77,5,6,9,0,12.5,Medium
52,21,2,19,17,25.5,Low
70,19,3,23,15,29.5,Low
86,24,9,25,20,29.0,Low
75,10,1,8,6,10.0,High
84,19,7,23,20,36.5,Low
63,13,4,17,13,17.5,Medium
91,18,6,19,15,28.0,Low
95,22,8,21,19,37.0,Low
54,21,4,24,15,36.5,Low
68,22,2,20,18,35.0,Low
47,9,3,6,10,9.5,High
44,24,4,20,20,40.0,Low
68,24,4,19,18,29.0,Low
86,13,6,13,6,19.5,Low
43,15,2,19,11,19.5,Medium
51,5,4,1,0,2.5,High
84,22,7,24,18,32.0,Low
41,10,4,10,10,11.0,High
66,6,5,5,8,5.0,High
70,19,3,15,20,21.5,Low
90,18,6,19,10,19.0,Low
90,9,7,5,4,9.5,Medium
75,10,1,9,11,8.0,Medium
75,10,3,6,6,17.0,High
65,22,5,25,15,40.0,Low
82,18,5,14,20,33.0,Low
66,14,1,15,7,17.0,Medium
44,18,1,21,10,33.0,Medium
59,17,3,16,16,18.5,Medium
50,7,1,8,0,10.5,High
49,10,4,8,4,7.0,High
79,12,8,8,15,18.0,Low
77,16,6,13,9,16.0,Low
45,17,2,13,12,26.5,Low
47,15,5,14,7,12.5,Medium
62,16,3,16,10,17.0,Medium
86,5,6,6,1,10.5,High
65,21,1,18,20,21.5,Low
85,20,5,18,12,33.0,Low
82,15,6,17,10,24.5,Low
51,17,5,15,14,27.5,Low
65,22,3,23,17,37.0,Low
52,15,2,15,13,28.5,Medium
79,16,7,17,14,25.0,Low
57,10,2,5,7,18.0,High
64,13,1,10,13,20.5,Low
72,20,3,20,13,37.0,Low
86,8,8,5,12,5.0,Medium
79,7,5,8,8,13.5,Medium
99,20,7,23,19,38.0,Low
82,16,5,13,15,26.0,Low
51,15,2,10,17,29.5,Medium
83,9,6,13,10,13.5,Medium
75,22,3,22,20,28.0,Low
87,23,7,18,18,32.5,Low
43,10,2,5,7,16.0,High
44,22,5,24,20,40.0,Low
95,10,5,13,7,18.0,Low
76,8,8,4,4,16.0,High
47,16,5,19,8,24.0,Low
81,23,5,22,17,29.5,Low
88,6,9,8,4,12.0,Medium
67,21,3,22,20,23.5,Low
70,15,5,16,8,30.5,Low
97,15,8,13,9,31.5,Low
48,20,3,16,15,30.0,Low
93,6,7,5,8,15.0,Medium
90,6,5,3,2,15.0,High
68,12,4,15,6,10.0,Medium
53,17,1,17,13,28.5,Low
79,14,6,9,13,17.0,Medium
80,12,8,9,11,26.0,Low
61,8,1,6,1,4.0,High
50,19,5,22,16,19.5,Medium
62,5,5,5,0,13.5,High
40,15,4,13,15,20.5,Low
85,11,8,6,12,11.5,High
76,21,6,23,14,29.5,Low
60,24,3,20,20,30.0,Low
65,22,1,24,14,24.0,Low
85,16,8,16,18,28.0,Low
75,13,2,15,10,17.5,Low
93,9,9,9,11,21.5,Medium
62,14,1,13,16,20.0,Low
96,8,6,7,11,5.0,High
40,9,2,13,10,12.5,Medium
93,14,9,18,18,18.0,Low
94,15,7,17,7,24.5,Low
90,14,9,15,7,17.0,Medium
79,12,6,14,6,14.0,Medium
54,6,5,8,6,2.0,High
60,12,1,13,8,22.0,Low
86,20,8,16,20,31.0,Low
48,9,3,12,10,18.5,Medium
92,7,7,8,10,5.5,Medium
48,16,3,16,9,22.0,Medium
49,17,2,20,18,17.5,Medium
91,17,5,12,13,22.5,Low
96,14,8,10,10,17.0,Low
92,8,9,3,0,5.0,Medium
65,13,2,17,7,21.5,Low
80,6,7,3,2,17.0,High
74,23,5,22,20,30.5,Low
91,5,6,0,6,6.5,High
64,11,2,9,3,17.5,High
65,21,5,23,20,23.5,Low
50,7,5,7,0,11.5,High
77,24,5,19,20,40.0,Low
41,24,4,19,20,40.0,Low
46,7,1,4,0,7.5,High
57,7,1,11,6,11.5,High
66,21,4,23,17,40.0,Low
73,11,2,13,9,11.5,Medium
66,18,2,15,16,26.0,Low
56,21,5,22,19,22.5,Low
82,22,7,19,19,35.0,Low
98,17,9,15,19,21.5,Low
83,24,5,25,20,33.0,Low
98,24,8,22,20,40.0,Low
90,22,5,19,20,33.0,Low
93,8,9,7,1,5.0,High
63,5,4,6,3,13.5,High
64,22,4,21,15,38.0,Low
46,5,5,3,2,15.5,High
91,17,5,19,10,25.5,Low
45,24,5,22,20,32.0,Medium
92,24,6,20,20,38.0,Low
63,14,3,18,7,29.0,Low
72,15,5,15,7,28.5,Low
88,13,9,9,11,21.5,Low
68,13,1,10,7,20.5,Medium
82,9,7,4,12,9.5,Medium
61,5,1,4,9,0.0,High
65,21,3,24,16,21.5,Low
67,6,5,2,10,18.0,Low
89,17,9,18,14,28.5,Low
60,13,2,12,9,23.5,Low
88,8,9,4,3,12.0,Medium
46,9,5,11,9,11.5,High
56,15,5,15,12,28.5,Low
59,23,5,21,20,27.5,Medium
80,7,6,5,0,19.5,Medium
88,16,8,12,13,32.0,Low
59,23,4,20,20,30.5,Low
93,23,5,24,20,24.5,Low
61,17,2,14,16,23.5,Low
67,11,1,10,11,18.5,Medium
79,19,7,23,20,19.5,Low
88,11,9,11,13,7.5,Low
46,12,5,12,16,22.0,Low
40,9,1,7,12,19.5,Medium
71,18,3,18,12,29.0,Low
52,8,3,5,9,8.0,High
69,14,4,15,12,19.0,Low
62,24,3,25,20,37.0,Low
90,19,9,17,11,20.5,Low
98,22,6,18,20,37.0,Low
95,24,5,25,19,32.0,Low
58,17,3,14,13,15.5,Medium
71,12,3,7,9,21.0,Low
69,13,1,9,7,27.5,Medium
68,20,4,24,16,35.0,Low
88,23,9,25,20,33.5,Low
84,20,7,22,16,20.0,Low
68,11,2,11,3,10.5,High
69,18,4,18,12,19.0,Low
55,18,1,13,12,33.0,Low
79,8,5,4,0,19.0,High
58,19,3,17,20,36.5,Medium
57,7,4,4,5,17.5,High
40,9,3,4,1,18.5,High
53,5,1,7,3,0.0,High
90,7,8,8,2,14.5,High
86,19,8,17,19,30.5,Low
89,12,8,15,10,20.0,Low
41,8,5,6,4,17.0,High
93,6,6,1,4,6.0,High
67,14,4,18,14,21.0,Low
88,8,7,3,9,9.0,Medium
89,7,9,2,4,9.5,High
69,6,5,1,0,0.0,High
77,21,5,19,18,32.5,Low
90,24,5,19,16,34.0,Low
43,17,5,13,20,19.5,Low
40,9,3,7,12,11.5,High
47,13,4,14,8,24.5,Low
68,10,4,6,9,22.0,Low
94,9,7,11,5,10.5,High
78,14,6,15,10,21.0,Low
42,12,3,15,16,27.0,Low
71,11,1,11,12,24.5,Medium
49,11,5,9,13,9.5,High
49,10,5,10,9,24.0,Medium
58,24,4,22,20,35.0,Medium
85,7,7,8,0,12.5,High
73,23,5,25,20,40.0,Low
99,19,8,16,20,31.5,Low
72,8,2,5,4,3.0,High
62,16,2,12,19,17.0,Medium
94,10,9,5,6,11.0,High
67,23,5,18,20,40.0,Low
71,8,5,5,0,18.0,Medium
89,19,7,20,17,33.5,Low
46,13,2,16,11,21.5,Low
68,9,4,5,13,20.5,Medium
47,17,3,18,17,26.5,Low
40,22,1,17,15,23.0,Low
96,9,5,5,3,17.5,High
94,20,9,20,15,22.0,Low
42,23,3,22,15,29.5,Low
63,18,1,20,16,30.0,Low
62,20,3,16,20,25.0,Low
98,19,5,14,13,18.5,Low
47,8,4,9,2,21.0,High
93,11,7,11,5,11.5,Medium
96,20,9,22,19,27.0,Low
86,12,6,14,12,22.0,Low
76,21,6,17,20,34.5,Low
42,20,2,22,20,35.0,Low
90,14,7,14,7,30.0,Low
72,14,5,17,15,26.0,Low
67,6,2,7,7,17.0,High
86,13,5,9,5,9.5,High
47,21,3,23,20,24.5,Medium
73,15,4,18,12,21.5,Low
74,14,4,15,14,30.0,Low
71,21,5,19,18,38.5,Low
63,8,2,11,1,3.0,Medium
53,20,3,18,12,23.0,Medium
71,24,2,22,20,40.0,Low
95,19,8,22,13,21.5,Low
85,9,9,11,1,18.5,Low
82,10,7,8,9,19.0,Medium
55,21,4,23,20,38.5,Medium
43,5,4,7,0,3.5,High
91,23,9,24,20,38.5,Low
76,8,8,12,0,12.0,High
93,21,8,21,20,39.5,Low
60,13,1,15,13,16.5,Medium
53,6,4,7,9,0.0,High
70,12,1,11,16,10.0,Low
94,19,9,17,19,22.5,Low
87,11,5,7,5,23.5,Medium
57,10,4,12,5,16.0,High
46,5,1,8,1,8.5,High
49,19,4,17,16,36.5,Low
46,11,1,9,11,14.5,High
72,21,2,20,20,31.5,Low
62,6,5,2,8,15.0,High
60,13,1,14,16,24.5,Low
58,13,5,12,8,12.5,Low
87,17,7,17,14,24.5,Low
58,10,2,8,14,19.0,Medium
75,10,4,12,2,23.0,Low
68,24,5,25,17,28.0,Low
99,24,8,23,20,30.0,Low
57,7,4,7,2,10.5,High
41,21,5,18,20,25.5,Low
40,21,1,16,19,27.5,Medium
86,16,8,19,11,19.0,Low
44,20,2,23,20,32.0,Low
59,19,3,16,19,19.5,Medium
50,17,1,15,12,33.5,Low
81,5,5,6,9,7.5,Medium
41,21,5,17,20,40.0,Low
42,7,1,4,4,4.5,High
62,19,5,19,11,26.5,Low
94,8,9,10,6,7.0,Medium
51,8,2,3,0,18.0,High
59,22,3,20,16,40.0,Low
44,21,2,16,20,28.5,Low
76,23,5,19,20,30.5,Low
77,15,8,17,9,16.5,Low
69,24,3,24,16,40.0,Low
48,7,5,10,0,9.5,Medium
73,12,5,8,10,23.0,Medium
92,18,8,15,14,25.0,Low
83,5,9,8,9,3.5,High
74,18,4,21,10,27.0,Low
91,6,5,6,3,7.0,Medium
97,8,5,5,5,18.0,High
61,23,4,22,18,32.5,Low
83,10,8,6,8,7.0,High
63,5,5,6,3,4.5,Medium
56,21,5,25,20,39.5,Low
49,12,5,14,12,27.0,Low
69,23,1,23,20,39.5,Low
95,5,6,7,0,3.5,High
98,9,8,5,5,9.5,High
85,20,8,17,20,39.0,Low
62,10,4,11,4,17.0,High
71,12,1,16,10,10.0,Medium
56,17,4,12,12,26.5,Low
89,20,8,21,15,27.0,Low
90,7,6,7,11,12.5,High
56,23,3,25,20,40.0,Low
53,16,4,17,8,29.0,Low
48,20,1,18,12,26.0,Medium
79,15,7,12,16,15.5,Low
41,14,4,11,7,22.0,Medium
84,24,7,22,17,40.0,Low
64,8,4,11,0,2.0,Medium
78,16,6,19,15,30.0,Low
48,6,5,2,3,0.0,High
93,23,6,22,20,29.5,Low
61,9,2,4,10,14.5,High
82,12,6,10,13,18.0,Low
85,11,8,7,11,16.5,Medium
43,18,5,20,14,34.0,Medium
65,7,5,5,2,7.5,High
97,22,6,21,20,29.0,Low
68,20,4,18,17,33.0,Low
84,23,7,22,20,39.5,Low
73,23,4,22,15,35.5,Low
62,22,3,21,20,31.0,Low
76,24,7,21,20,40.0,Low
50,20,2,21,20,35.0,Low
45,12,1,9,14,26.0,Medium
57,5,1,1,4,12.5,High
60,21,3,18,19,29.5,Low
81,16,9,13,10,26.0,Low
75,15,2,17,8,16.5,Medium
80,9,8,7,3,21.5,High
77,16,6,13,11,23.0,Low
73,21,5,25,16,27.5,Low
56,10,3,9,7,13.0,High
76,5,7,3,8,10.5,High
64,9,2,12,7,17.5,High
77,18,6,20,20,29.0,Low
97,9,5,10,4,12.5,Medium
51,5,3,7,6,10.5,High
62,22,3,21,19,34.0,Low
92,20,7,18,20,38.0,Low
81,13,9,14,10,14.5,Low
61,23,2,18,17,35.5,Low
60,9,2,9,1,15.5,High
66,6,5,8,8,6.0,Medium
96,19,7,20,20,33.5,Low
70,11,4,7,12,7.5,Medium
45,8,3,9,12,8.0,High
66,5,3,5,1,8.5,High
79,17,7,16,18,21.5,Low
73,24,4,22,20,40.0,Low
51,11,1,6,5,19.5,High
84,19,9,15,18,26.5,Low
96,18,8,19,19,34.0,Low
92,23,9,25,15,34.5,Low
46,24,2,21,20,40.0,Low
49,22,4,21,15,40.0,Low
84,14,8,16,8,21.0,Low
56,13,1,15,7,26.5,Low
65,12,3,12,15,18.0,Low
60,14,5,13,13,14.0,Medium
67,21,1,17,17,38.5,Low
97,6,6,9,5,17.0,Medium
85,10,5,5,12,17.0,High
41,9,2,5,11,6.5,High
99,13,8,8,10,18.5,Medium
93,9,6,7,12,7.5,Medium
82,22,8,20,15,25.0,Low
40,24,2,23,20,40.0,Medium
90,13,7,12,8,16.5,Medium
92,21,7,23,20,27.5,Low
75,21,2,18,16,39.5,Low
90,16,7,16,12,27.0,Low
65,11,4,8,7,20.5,Medium
68,7,1,3,8,16.5,High
60,14,2,16,13,11.0,Low
50,6,1,1,3,4.0,High
79,7,8,10,8,14.5,Low
50,20,3,21,18,31.0,Medium
75,6,3,10,3,18.0,Medium
88,14,9,12,10,12.0,Low
98,10,5,7,6,9.0,Medium
78,15,5,15,9,20.5,Low
79,11,9,14,9,25.5,Low
74,19,1,22,20,31.5,Low
93,10,8,8,11,22.0,Medium
73,24,3,25,20,33.0,Low
94,13,6,12,11,10.5,Low
86,24,5,25,17,34.0,Low
63,16,5,12,16,20.0,Low
93,23,9,19,20,40.0,Low
61,24,1,23,20,40.0,Low
44,7,4,2,0,4.5,High
95,19,9,21,16,32.5,Low
72,6,2,5,5,3.0,High
97,6,7,10,4,9.0,Medium
75,7,2,3,6,13.5,High
86,10,6,13,5,23.0,Medium
59,19,1,15,13,20.5,Low
58,14,2,15,12,20.0,Medium
74,13,3,15,6,14.5,Low
91,5,7,5,1,0.0,High
82,20,7,21,20,21.0,Low
56,10,1,5,8,17.0,High
98,13,9,11,5,26.5,Low
84,8,6,9,3,3.0,High
82,6,5,1,0,13.0,Medium
73,8,4,3,5,6.0,High
48,5,4,5,8,11.5,High
65,23,1,21,15,40.0,Low
41,14,4,11,12,12.0,Medium
92,19,5,18,13,35.5,Low
48,23,3,25,20,38.5,Medium
48,20,2,24,12,39.0,Medium
79,8,9,12,7,4.0,High
56,6,4,10,4,3.0,High
40,17,3,14,10,25.5,Low
64,5,5,4,3,5.5,High
82,21,6,25,15,25.5,Low
79,17,8,16,20,15.5,Medium
81,8,5,11,8,15.0,Low
64,11,5,15,10,10.5,Medium
78,21,5,19,17,28.5,Low
74,13,1,8,11,22.5,Low
42,8,3,12,2,17.0,High
89,23,5,22,15,29.5,Low
76,5,8,0,0,4.5,High
83,14,5,14,16,12.0,Low
83,8,6,12,1,20.0,Medium
90,13,9,17,12,17.5,Low
69,17,5,18,9,19.5,Low
77,18,9,13,20,21.0,Low
73,14,4,18,17,29.0,Low
51,10,5,8,6,8.0,High
58,20,4,23,20,35.0,Low
76,10,6,5,13,20.0,Medium
83,21,7,24,20,36.5,Low
98,14,8,16,7,17.0,Low
98,22,6,21,20,40.0,Low
88,22,5,22,20,23.0,Low
56,7,5,8,0,2.5,High
49,24,4,22,18,33.0,Low
96,19,8,19,16,18.5,Low
94,19,6,20,19,24.5,Low
88,8,9,8,9,8.0,Medium
86,13,5,13,6,16.5,Medium
51,23,4,19,20,40.0,Medium
55,21,3,20,16,37.5,Low
63,15,3,12,8,22.5,Low
58,13,3,14,7,23.5,Medium
47,14,1,12,11,19.0,Low
70,22,1,17,20,39.0,Low
60,24,1,24,20,36.0,Low
56,17,1,17,16,20.5,Medium
62,12,5,13,13,16.0,Low
76,11,9,13,13,23.5,Low
93,21,7,18,20,40.0,Low
55,19,3,19,14,19.5,Medium
45,24,5,25,20,29.0,Medium
47,19,4,15,14,35.5,Medium
64,5,1,8,5,0.0,High
57,18,4,14,17,27.0,Low
64,9,4,6,12,5.5,Medium
51,15,3,19,8,19.5,Low
54,20,1,16,19,24.0,Low
98,6,6,9,0,18.0,Medium
65,12,3,7,12,12.0,Medium
80,15,5,14,15,22.5,Low
84,22,9,17,20,34.0,Low
65,7,3,6,6,8.5,High
86,5,6,7,7,9.5,Medium
71,15,1,17,11,31.5,Low
49,20,4,22,16,22.0,Low
55,22,4,18,20,35.0,Low
46,20,5,22,14,30.0,Low
56,14,5,13,10,21.0,Low
62,22,4,17,17,40.0,Low
65,10,1,11,2,11.0,High
60,23,3,23,20,40.0,Low
61,8,5,7,9,17.0,High
97,17,7,12,12,28.5,Low
46,18,5,13,12,17.0,Medium
53,7,2,7,4,10.5,High
54,14,1,18,6,23.0,Medium
92,10,7,11,6,5.0,High
46,5,1,9,3,0.0,High
48,18,1,22,11,25.0,Medium
90,12,6,7,13,20.0,Low
87,23,7,25,20,28.5,Low
47,18,5,16,20,25.0,Low
89,14,7,13,11,23.0,Low
98,21,7,17,14,25.5,Low
62,13,3,17,12,23.5,Low
68,10,5,12,9,11.0,Medium
57,15,2,11,7,25.5,Medium
70,11,4,8,14,21.5,Medium
69,21,3,24,13,26.5,Low
91,5,7,1,0,0.0,High
78,9,7,9,12,18.5,Medium
74,13,2,11,8,27.5,Low
57,22,4,23,17,27.0,Low
98,6,8,6,5,2.0,High
81,15,9,19,7,25.5,Low
78,10,6,13,11,10.0,Medium
56,12,5,15,6,15.0,Medium
53,8,4,12,10,4.0,Medium
70,22,4,20,14,26.0,Low
63,15,5,10,15,12.5,Low
74,9,4,5,10,4.5,Medium
83,19,9,21,20,30.5,Low
99,22,6,25,20,31.0,Low
84,6,6,8,4,10.0,High
73,15,2,11,19,21.5,Low
42,17,3,15,20,24.5,Low
76,8,9,3,7,19.0,Medium
82,11,5,12,3,17.5,High
79,15,5,13,11,27.5,Low
65,8,3,10,1,7.0,High
94,19,6,22,20,27.5,Low
62,5,3,8,0,11.5,High
83,7,6,4,1,8.5,High
78,18,9,17,16,18.0,Low
54,10,3,10,2,22.0,Medium
95,22,9,22,20,34.0,Low
88,5,6,9,0,0.0,High
43,10,1,12,3,11.0,High
68,10,1,10,5,13.0,Medium
61,20,5,20,20,27.0,Low
64,9,1,7,3,8.5,High
52,21,2,22,15,21.5,Low
57,14,5,16,15,24.0,Low
72,22,5,19,18,38.0,Low
55,11,5,12,5,21.5,Medium
84,7,9,4,9,3.5,High
81,17,7,19,15,20.5,Low
83,19,9,14,15,32.5,Low
41,24,4,19,19,33.0,Low
94,23,7,23,20,24.5,Low
74,7,5,11,1,12.5,Medium
81,8,6,11,11,19.0,Low
73,9,3,7,4,20.5,High
69,5,5,5,8,9.5,High
98,8,7,7,1,15.0,High
94,16,5,11,8,24.0,Low
52,14,5,14,8,17.0,Medium
52,24,4,25,20,40.0,Medium
57,17,3,14,10,18.5,Medium
71,18,2,15,10,33.0,Low
71,9,2,5,1,21.5,High
74,8,1,6,1,15.0,High
98,18,6,22,20,26.0,Low
78,14,5,11,18,16.0,Low
85,21,9,17,20,38.5,Low
91,14,5,9,18,14.0,Medium
68,11,4,8,15,16.5,High
88,20,6,24,16,32.0,Low
68,5,2,5,5,4.5,High
92,21,8,24,20,30.5,Low
83,13,8,12,17,19.5,Low
96,10,9,7,12,7.0,Medium
55,23,2,22,20,38.5,Low
95,17,5,16,9,22.5,Low
83,7,9,6,8,19.5,Low
86,11,8,12,7,23.5,Medium
96,13,9,12,16,9.5,Low
49,9,1,10,1,10.5,High
69,14,4,17,12,13.0,Medium
64,21,4,20,20,21.5,Low
78,16,5,12,18,33.0,Low
59,20,2,19,19,35.0,Medium
44,7,3,9,6,8.5,High
40,13,2,11,11,25.5,Medium
69,19,1,15,12,33.5,Low
88,9,7,13,5,8.5,High
42,17,1,14,12,21.5,Low
84,18,7,21,14,32.0,Low
53,24,4,25,20,33.0,Medium
95,19,8,21,19,27.5,Low
69,20,4,22,15,33.0,Low
89,17,9,19,20,25.5,Low
43,21,2,23,20,22.5,Medium
57,12,4,14,11,19.0,Medium
76,6,8,1,0,18.0,Medium
64,9,2,9,6,22.5,High
87,10,7,13,6,17.0,Medium
40,16,3,18,9,28.0,Medium
92,22,6,19,20,34.0,Low
85,5,5,0,6,9.5,Medium
54,21,5,17,16,28.5,Low
48,15,1,11,13,27.5,Low
54,14,4,15,18,13.0,Medium
88,23,5,23,15,36.5,Low
96,18,6,14,18,28.0,Low
63,14,5,16,15,29.0,Low
43,19,4,22,20,19.5,Medium
51,23,5,24,15,24.5,Low
98,8,9,6,11,9.0,Medium
97,6,7,1,2,7.0,High
76,13,9,11,11,16.5,Low
76,14,6,12,13,27.0,Low
82,15,9,17,8,20.5,Low
99,18,6,16,13,22.0,Low
45,11,1,9,4,20.5,High
78,19,6,15,14,30.5,Low
95,23,6,25,20,35.5,Low
85,19,6,20,16,30.5,Low
63,12,3,10,15,14.0,Low
50,15,2,15,19,29.5,Medium
52,13,2,10,6,22.5,Medium
73,19,3,20,20,28.5,Low
64,5,4,5,0,10.5,High
46,5,1,2,0,13.5,High
91,23,5,21,15,25.5,Low
43,7,2,11,0,18.5,High
98,14,5,13,8,26.0,Low
47,12,2,15,16,17.0,Medium
59,19,3,19,20,25.5,Low
68,14,4,12,10,15.0,Low
93,5,5,6,7,3.5,Medium
92,22,7,18,20,35.0,Low
90,6,7,4,3,14.0,High
84,23,8,22,17,28.5,Low
85,17,9,15,14,30.5,Low
49,5,3,3,3,11.5,High
82,6,9,9,3,7.0,Medium
73,20,3,16,20,31.0,Low
96,19,6,19,16,25.5,Low
65,17,1,19,9,27.5,Low
80,20,8,22,14,24.0,Low
88,21,8,22,19,34.5,Low
97,11,7,15,6,21.5,Medium
42,21,1,19,20,31.5,Low
95,11,7,12,6,25.5,Medium
45,17,4,21,15,26.5,Low
44,9,5,9,9,17.5,High
44,21,1,21,20,32.5,Low
93,7,5,3,11,8.5,High
86,11,6,13,15,6.5,Medium
62,21,4,23,14,23.5,Low
88,11,8,12,11,17.5,Low
48,5,3,8,0,16.5,High
74,21,5,23,18,33.5,Low
59,21,5,24,16,26.5,Medium
97,15,9,18,7,21.5,Low
88,7,6,7,7,9.5,High
98,19,7,15,20,33.5,Low
81,15,6,16,12,12.5,Low
74,20,1,17,19,35.0,Low
89,13,5,14,6,12.5,Medium
57,5,2,8,3,2.5,High
56,20,2,24,17,38.0,Low
63,13,3,17,6,10.5,Medium
42,23,2,19,16,40.0,Medium
71,16,1,16,11,23.0,Low
74,23,2,23,18,27.5,Low
77,13,6,16,7,9.5,Medium
52,11,5,14,10,20.5,Medium
95,18,9,17,16,26.0,Low
86,23,6,22,16,40.0,Low
64,23,2,25,17,39.5,Low
48,6,4,8,7,11.0,High
43,13,2,14,13,23.5,Low
53,17,2,19,20,16.5,High
76,19,9,19,15,37.5,Low
73,7,1,4,0,3.5,High
50,15,3,16,9,12.5,Medium
80,18,9,20,17,23.0,Low
95,12,5,14,7,18.0,Low
42,22,1,17,15,32.0,Low
98,23,7,24,16,24.5,Low
67,20,4,17,17,30.0,Low
68,6,1,2,5,8.0,High
48,12,4,8,10,21.0,Medium
42,10,3,12,5,18.0,High
64,16,1,19,9,20.0,Low
73,19,2,16,19,28.5,Low
51,12,4,9,7,11.0,High
81,8,7,8,8,3.0,High
48,19,4,23,15,24.5,Low
54,24,5,19,20,40.0,Medium
79,21,8,21,20,34.5,Low
64,17,3,14,19,33.5,Low
44,22,5,20,20,29.0,Low
50,6,3,9,4,10.0,High
98,17,8,14,20,17.5,Low
73,17,2,12,13,29.5,Low
63,19,5,16,12,22.5,Low
99,24,8,25,20,33.0,Low
54,14,1,15,12,24.0,Medium
77,7,6,6,9,3.5,Medium
47,23,3,18,20,30.5,Medium
98,7,5,9,4,6.5,High
44,18,2,22,20,34.0,Medium
87,12,6,14,6,21.0,Low
65,8,1,12,9,9.0,High
57,24,3,25,20,37.0,Low
45,15,4,19,9,21.5,Low
76,15,9,11,11,25.5,Low
99,15,6,19,15,20.5,Low
87,6,9,3,8,4.0,High
52,21,1,19,17,25.5,Low
67,13,2,8,11,9.5,High
44,6,4,4,8,0.0,High
52,19,2,18,17,37.5,Medium
56,20,2,17,16,36.0,Medium
89,8,9,12,1,12.0,High
79,12,6,8,8,19.0,Low
84,13,8,13,11,11.5,Medium
71,9,3,11,7,8.5,High
68,20,2,21,15,30.0,Low
90,17,7,12,9,27.5,Low
97,11,6,9,8,16.5,High
42,24,3,21,20,33.0,Medium
95,21,7,21,15,30.5,Low
79,7,8,10,9,1.5,Medium
73,9,4,12,5,16.5,Medium
79,23,7,24,18,39.5,Low
66,16,1,19,20,30.0,Low
52,11,2,13,4,16.5,High
84,13,7,12,16,10.5,Low
72,10,5,13,8,9.0,Medium
45,21,3,22,17,36.5,Low
63,20,1,19,18,35.0,Low
58,7,4,9,7,1.5,High
55,8,1,9,3,17.0,High
79,14,8,17,10,15.0,Low
67,9,3,13,9,10.5,Medium
72,14,2,9,18,30.0,Low
98,16,5,19,17,27.0,Low
98,14,6,15,16,20.0,Low
87,17,6,12,20,16.5,Low
80,15,6,10,10,14.5,Low
52,20,2,19,16,37.0,Low
82,12,5,14,16,9.0,Low
84,12,9,15,8,16.0,Low
64,12,2,12,11,9.0,Medium
92,17,6,21,20,21.5,Low
81,6,5,8,1,5.0,High
75,16,4,16,11,27.0,Low
66,14,5,14,18,15.0,Medium
77,16,8,14,14,21.0,Low
99,15,8,14,17,29.5,Low
46,19,5,15,15,23.5,Low
44,20,1,17,17,33.0,Low
82,21,5,18,18,38.5,Low
84,6,9,5,9,15.0,High
97,22,9,21,19,31.0,Low
96,16,6,16,17,26.0,Low
90,23,5,22,19,39.5,Low
70,22,2,22,20,32.0,Low
62,21,5,23,20,30.5,Low
81,10,9,6,6,8.0,High
49,19,2,17,19,29.5,Medium
71,7,1,7,11,7.5,High
82,10,6,9,9,19.0,Low
92,7,5,2,2,18.5,High
69,5,3,8,3,11.5,High
78,17,8,14,16,22.5,Low
70,18,1,14,20,24.0,Low
57,17,3,20,17,33.5,Medium
75,8,3,9,4,10.0,High
41,11,2,10,5,22.5,Medium
53,14,5,14,18,18.0,Low
52,11,4,9,6,17.5,High
68,19,3,14,20,32.5,Low
51,19,3,17,16,21.5,Medium
78,8,6,11,9,7.0,Medium
41,10,3,5,12,20.0,Medium
71,24,2,25,20,30.0,Low
52,9,2,6,9,15.5,High
85,24,5,23,20,40.0,Low
66,16,3,17,18,30.0,Low
88,5,8,8,7,16.5,High
80,12,5,12,6,12.0,Medium
56,5,3,2,0,15.5,High
79,9,8,10,6,9.5,Medium
70,10,1,8,14,7.0,High
73,7,1,4,5,12.5,High
99,19,6,20,15,31.5,Low
63,9,1,10,1,18.5,Low
84,18,9,16,12,29.0,Low
74,22,3,23,16,24.0,Low
87,20,9,16,20,33.0,Low
45,10,3,5,5,24.0,High
58,18,1,14,19,23.0,Medium
69,12,4,10,9,12.0,Low
46,11,4,13,7,19.5,High
49,12,2,9,4,16.0,High
80,17,8,21,14,24.5,Low
71,10,3,10,10,11.0,Medium
73,22,4,22,20,36.0,Low
67,6,1,9,0,12.0,High
99,12,5,15,11,9.0,Low
54,15,1,13,14,28.5,Medium
69,5,3,8,0,16.5,High
76,10,6,10,14,8.0,Medium
68,20,5,16,20,32.0,Low
61,24,1,25,20,40.0,Low
43,16,1,16,20,16.0,Medium
59,15,3,11,19,30.5,Medium
71,14,3,16,16,15.0,Medium
75,7,5,5,6,0.5,High
89,17,8,16,11,23.5,Low
43,7,2,9,8,7.5,High
66,19,4,21,15,20.5,Low
56,20,1,20,14,21.0,Medium
51,17,1,15,13,15.5,Medium
61,21,5,16,20,32.5,Low
56,7,5,8,10,12.5,High
49,24,2,25,19,35.0,Medium
93,15,6,18,12,28.5,Low
40,23,2,19,17,34.5,Low
61,15,4,10,9,16.5,Low
65,20,1,18,16,28.0,Low
95,7,6,6,6,12.5,High
98,10,6,14,9,24.0,Medium
57,18,2,13,12,27.0,Low
89,22,6,21,20,26.0,Low
53,21,1,21,20,31.5,Medium
86,8,5,5,10,10.0,High
68,19,5,20,20,24.5,Low
51,15,3,15,14,27.5,Medium
75,7,3,5,1,4.5,High
98,7,9,4,8,5.5,High
74,20,1,19,20,38.0,Low
91,9,6,6,10,3.5,Medium
51,14,5,18,7,26.0,Medium
46,23,5,25,20,40.0,Medium
68,8,2,11,1,14.0,Medium
50,23,5,23,20,24.5,Low
72,15,2,15,13,21.5,Low
45,6,1,4,3,5.0,High
86,14,6,12,12,15.0,Low
54,15,1,11,14,24.5,Low
71,24,2,25,20,40.0,Low
90,20,8,18,12,39.0,Low
50,23,4,25,20,37.5,Low
97,15,7,19,9,22.5,Low
62,18,5,14,12,35.0,Low
65,6,4,9,3,0.0,High
73,9,4,4,4,10.5,High
85,9,9,5,4,15.5,High
73,23,4,19,18,30.5,Low
68,16,2,16,17,25.0,Low
43,22,3,23,20,30.0,Low
56,8,2,5,7,17.0,High
74,21,4,24,15,38.5,Low
52,14,5,13,6,29.0,Medium
80,24,7,23,16,29.0,Low
78,10,9,8,2,16.0,High
54,18,2,21,13,32.0,Medium
94,15,6,17,12,28.5,Low
68,15,2,13,10,15.5,Medium
68,22,5,20,20,40.0,Low
50,22,3,18,20,31.0,Low
91,15,8,18,9,16.5,Low
71,16,2,13,15,30.0,Low
41,9,3,7,8,19.5,High
86,13,9,14,10,10.5,Low
53,13,2,17,13,10.5,High
59,14,3,16,17,17.0,Medium
61,23,3,25,20,27.5,Low
50,5,3,3,0,9.5,High
66,11,4,12,15,25.5,Medium
42,8,5,12,7,12.0,High
56,5,1,0,2,0.0,High
83,19,6,19,11,19.5,Low
95,12,9,12,7,23.0,Low
67,16,5,16,12,16.0,Low
68,22,3,18,20,37.0,Low
60,19,5,21,18,34.5,Low
86,21,7,20,20,36.5,Low
55,18,2,17,20,36.0,Low
76,18,7,14,20,23.0,Low
98,22,5,20,19,38.0,Low
59,24,2,25,20,30.0,Medium
45,22,2,25,20,24.0,Low
58,20,2,20,15,20.0,Medium
96,5,6,8,4,9.5,Medium
44,15,5,13,9,27.5,Low
42,19,3,14,14,22.5,Low
98,16,9,12,17,16.0,Low
40,12,5,7,7,22.0,Medium
97,24,6,25,20,40.0,Low
99,10,9,13,10,15.0,Medium
77,7,9,11,4,18.5,Low
54,17,4,17,9,32.5,Medium
73,17,4,13,13,23.5,Low
74,6,4,6,6,6.0,Medium
88,9,5,12,5,21.5,Medium
64,21,2,18,18,25.5,Low
63,10,2,13,4,21.0,Medium
51,6,4,2,5,3.0,High
57,8,4,7,9,15.0,High
54,15,1,11,17,18.5,Medium
83,12,9,13,16,16.0,Low
55,16,1,20,11,30.0,Medium
66,12,1,15,7,10.0,Medium
47,15,5,16,17,19.5,Medium
99,24,5,23,20,38.0,Low
85,12,6,10,8,23.0,Low
64,12,4,10,13,17.0,Low
56,21,4,25,20,38.5,Low
68,24,3,25,20,28.0,Low
92,24,6,25,20,37.0,Low
47,20,4,24,18,35.0,Low
54,18,4,22,14,34.0,Medium
66,15,5,19,15,28.5,Low
85,11,6,15,11,12.5,Medium
89,20,5,15,20,38.0,Low
91,17,9,16,18,22.5,Low
46,19,3,15,12,34.5,Low
42,20,5,23,15,26.0,Low
68,13,2,14,12,9.5,Low
83,7,7,11,11,7.5,Medium
92,23,7,25,15,40.0,Low
63,24,4,24,20,40.0,Low
99,9,5,12,5,22.5,Low
97,14,9,14,13,20.0,Low
42,21,1,22,14,32.5,Low
59,19,1,20,12,18.5,Low
85,12,6,15,16,11.0,Low
54,19,1,21,18,21.5,Medium
64,18,2,13,19,25.0,Low
69,24,5,22,20,40.0,Low
53,11,1,12,11,20.5,Medium
46,16,3,18,14,20.0,Low
56,21,2,22,20,32.5,Low
83,21,9,18,17,23.5,Low
59,14,3,12,6,30.0,Medium
75,23,5,24,18,32.5,Low
48,18,4,20,11,30.0,Low
77,15,6,16,9,24.5,Low
87,6,7,6,9,10.0,High
96,22,7,25,16,23.0,Low
99,11,6,14,11,24.5,Medium
61,16,4,17,20,29.0,Low
93,6,5,8,7,10.0,High
92,24,7,24,19,35.0,Low
92,22,7,17,15,24.0,Low
41,10,2,5,4,22.0,High
63,14,4,14,8,23.0,Low
47,24,4,20,20,31.0,Low
50,19,5,21,18,29.5,Low
52,9,5,4,13,6.5,High
56,24,5,20,20,26.0,Low
47,7,4,9,11,10.5,High
60,9,4,9,6,10.5,High
57,12,2,16,7,9.0,Medium
69,12,3,8,9,9.0,Medium
57,12,5,8,16,23.0,Medium
85,16,7,17,18,14.0,Low
86,12,8,11,4,11.0,Low
70,15,1,14,19,17.5,Low
77,18,6,20,19,36.0,Low
71,12,2,13,11,21.0,Low
50,14,1,17,6,30.0,Low
84,11,5,9,7,20.5,High
64,21,4,25,14,27.5,Low
72,8,1,6,5,8.0,High
99,17,9,13,17,32.5,Low
77,8,7,5,4,3.0,High
80,9,8,4,4,22.5,High
47,8,3,3,1,16.0,High
50,22,3,23,20,23.0,Medium
61,10,2,9,4,21.0,High
90,6,7,3,3,18.0,Medium
63,15,2,16,14,24.5,Low
80,18,6,14,17,28.0,Low
56,9,5,6,5,17.5,High
51,10,2,5,6,9.0,High
96,14,6,16,15,17.0,Low
85,12,5,8,16,15.0,Medium
71,18,2,19,12,30.0,Low
54,7,4,10,5,3.5,High
55,16,3,16,20,27.0,Medium
93,20,7,16,17,29.0,Low
61,21,3,17,13,36.5,Low
67,5,2,8,0,7.5,High
59,14,4,18,11,24.0,Low
72,14,3,16,16,24.0,Low
49,6,4,9,3,0.0,High
79,13,5,11,15,21.5,Low
71,17,1,15,20,17.5,Low
89,20,7,16,20,37.0,Low
99,22,6,25,16,26.0,Low
72,23,3,18,20,40.0,Low
41,16,5,20,19,29.0,Low
72,12,4,10,13,11.0,Low
72,21,5,25,18,39.5,Low
80,19,5,23,20,32.5,Low
52,14,5,16,14,11.0,Medium
69,19,5,15,19,33.5,Low
72,19,5,21,12,32.5,Low
52,11,2,6,6,21.5,High
91,17,8,12,17,34.5,Low
65,21,5,19,20,21.5,Low
61,13,4,14,8,25.5,Low
78,12,9,15,11,12.0,Low
41,24,1,23,20,30.0,Medium
77,22,7,18,20,29.0,Low
78,17,6,18,11,27.5,Low
65,20,1,16,14,31.0,Low
85,13,7,16,13,12.5,Low
97,16,8,19,18,17.0,Medium
89,16,8,13,17,19.0,Low
54,10,5,12,9,19.0,Low
73,23,3,21,15,40.0,Low
81,11,5,8,12,11.5,Medium
94,7,9,2,0,11.5,High
83,20,7,19,14,33.0,Low
88,22,9,20,20,40.0,Low
79,20,7,15,13,31.0,Low
50,11,4,15,5,20.5,Medium
42,8,5,10,7,20.0,Medium
98,12,6,14,14,15.0,Low
45,17,4,19,19,23.5,Low
48,17,1,14,20,19.5,Medium
45,21,2,21,18,25.5,Medium
48,21,1,22,19,26.5,Medium
78,9,8,12,10,5.5,Medium
70,10,3,9,14,9.0,High
71,23,3,25,20,24.5,Low
80,17,6,17,14,25.5,Low
89,18,5,22,10,36.0,Low
51,8,5,12,10,2.0,Medium
47,11,3,15,5,12.5,High
47,12,1,10,16,22.0,Medium
89,17,9,12,9,31.5,Low
67,10,1,5,13,12.0,High
59,10,4,14,11,6.0,High
86,7,9,6,10,12.5,High
98,7,8,4,7,11.5,High
46,17,4,16,20,19.5,Medium
50,6,2,5,6,11.0,High
59,20,4,15,16,25.0,Low
55,10,1,12,5,19.0,Medium
43,12,4,11,15,18.0,Low
45,12,1,11,12,11.0,Medium
97,10,6,13,10,5.0,Medium
61,18,1,20,12,31.0,Low
65,7,5,2,3,11.5,Medium
42,14,4,11,8,19.0,Low
80,7,6,8,8,10.5,High
99,16,5,11,9,18.0,Low
81,21,5,16,13,27.5,Low
53,9,2,8,12,10.5,High
50,24,2,25,20,26.0,Low
57,13,2,13,6,9.5,Medium
93,24,7,25,20,28.0,Low
51,11,3,7,13,13.5,High
62,8,3,11,7,12.0,Medium
51,17,3,17,11,15.5,Medium
52,17,2,16,15,28.5,Medium
64,14,5,13,12,11.0,Low
84,22,5,19,15,28.0,Low
90,21,7,21,20,26.5,Low
97,24,7,22,18,28.0,Low
58,24,1,25,17,35.0,Low
94,17,9,13,20,26.5,Low
85,21,6,18,15,30.5,Low
75,8,4,11,1,3.0,Medium
84,5,5,8,4,9.5,Medium
47,5,1,5,1,12.5,High
68,19,4,23,13,30.5,Low
94,17,9,21,13,18.5,Low
92,21,8,24,20,24.5,Low
94,12,9,10,14,18.0,Low
71,22,3,21,20,36.0,Low
90,17,6,21,15,17.5,Medium
83,18,8,18,15,35.0,Low
57,12,1,15,16,8.0,Medium
45,12,3,11,4,12.0,High
57,19,4,21,20,34.5,Low
58,17,3,12,9,15.5,Medium
61,11,5,10,3,24.5,Low
76,9,9,13,10,21.5,Low
71,21,5,16,20,24.5,Low
95,20,5,24,19,38.0,Low
80,6,8,6,4,4.0,High
98,22,5,23,19,37.0,Low
42,21,2,20,16,24.5,Low
67,11,5,6,3,6.5,High
49,17,4,17,17,31.5,Medium
90,22,8,25,14,33.0,Low
74,18,5,17,13,33.0,Low
68,22,2,22,16,23.0,Low
93,17,8,21,15,23.5,Low
54,15,3,16,11,25.5,Medium
72,20,1,21,16,34.0,Low
46,21,4,17,16,21.5,Low
51,12,3,9,4,9.0,High
88,23,6,23,19,40.0,Low
69,24,3,21,19,40.0,Low
60,19,3,15,20,23.5,Low
70,13,4,11,17,28.5,Low
97,24,6,23,20,33.0,Low
63,14,4,18,7,11.0,Low
59,16,4,19,15,28.0,Low
76,24,7,21,16,35.0,Low
43,5,1,2,9,0.5,High
67,24,3,24,19,35.0,Low
83,13,9,12,7,19.5,Low
59,19,4,19,15,22.5,Medium
99,5,5,6,9,5.5,High
63,16,2,13,12,18.0,Low
89,7,5,6,3,10.5,High
88,15,9,17,18,14.5,Low
90,6,5,4,1,2.0,High
71,20,3,24,19,29.0,Low
80,13,7,9,7,15.5,Medium
75,19,5,17,20,18.5,Low
97,16,6,12,11,19.0,Low
92,5,9,2,0,4.5,High
73,17,5,15,15,31.5,Low
75,18,3,16,10,23.0,Low
41,12,5,16,5,8.0,Medium
54,12,1,15,14,16.0,Medium
73,16,4,20,14,24.0,Low
75,5,5,5,0,15.5,Medium
45,15,3,18,17,13.5,Medium
78,12,5,10,6,18.0,Low
81,14,5,17,18,13.0,Low
90,23,9,25,20,40.0,Low
90,15,5,15,12,21.5,Low
97,11,7,10,8,8.5,Medium
93,15,7,12,17,14.5,Low
51,21,1,20,20,27.5,Low
42,5,4,2,0,0.0,High
84,12,6,11,5,8.0,Medium
57,10,2,9,7,11.0,High
79,22,5,18,20,40.0,Low
60,10,4,13,6,15.0,Medium
54,9,1,10,7,8.5,High
72,17,1,17,15,18.5,Low
74,23,2,22,19,40.0,Low
65,12,1,10,11,26.0,Low
47,13,3,15,14,22.5,Medium
75,21,5,17,18,23.5,Low
87,7,9,9,3,3.5,High
69,23,1,18,18,31.5,Low
62,15,2,19,13,29.5,Low
81,21,7,16,16,24.5,Low
83,23,6,20,19,34.5,Low
53,6,5,5,2,14.0,High
53,12,5,12,4,10.0,Medium
41,23,1,21,15,30.5,Medium
94,11,9,12,5,7.5,Medium
76,21,6,22,20,21.5,Low
44,10,5,6,4,5.0,High
77,23,8,19,16,29.5,Low
84,10,5,6,13,23.0,Medium
80,6,5,2,0,5.0,High
93,10,7,13,7,9.0,Medium
99,9,8,8,13,20.5,Medium
86,23,5,25,15,36.5,Low
53,24,4,23,20,26.0,Medium
95,8,5,7,4,11.0,High
78,21,8,16,18,29.5,Low
64,15,5,15,11,28.5,Low
59,8,2,6,6,2.0,High
41,17,1,14,9,15.5,Medium
78,24,8,24,20,32.0,Low
45,21,5,17,15,24.5,Low
56,13,5,15,10,20.5,Low
98,8,9,3,0,17.0,High
64,18,5,21,20,30.0,Low
96,23,6,25,20,33.5,Low
67,7,1,2,9,13.5,High
41,18,4,22,16,23.0,Low
74,12,5,15,7,11.0,Low
76,5,6,1,0,0.0,High
44,14,4,11,15,28.0,Low
40,22,5,18,20,38.0,Low
79,20,9,22,12,28.0,Low
51,12,1,8,11,12.0,Medium
95,5,5,9,0,5.5,High
75,16,4,12,20,21.0,Low
84,12,6,7,8,27.0,Low
62,20,4,21,20,35.0,Low
86,22,7,18,20,40.0,Low
70,8,1,12,5,19.0,Low
50,10,5,9,8,8.0,High
49,16,5,15,18,29.0,Low
42,13,3,10,12,12.5,Medium
93,19,6,16,20,23.5,Low
53,20,4,17,17,22.0,Low
55,16,2,16,18,31.0,Low
49,18,4,16,15,31.0,Medium
68,17,5,14,19,22.5,Low
49,6,1,2,3,16.0,High
51,7,1,4,3,2.5,High
69,14,1,12,13,16.0,Medium
80,13,7,13,17,23.5,Low
40,24,4,22,17,37.0,Low
44,12,3,14,10,12.0,Medium
59,14,2,11,9,17.0,High
47,23,5,20,15,38.5,Low
82,7,7,4,11,6.5,High
51,9,3,11,5,15.5,High
40,7,5,5,1,2.5,High
96,20,7,15,15,32.0,Low
93,21,8,17,19,23.5,Low
59,19,4,23,15,19.5,Low
67,7,5,3,2,3.5,High
96,16,9,13,8,30.0,Low
82,13,9,13,10,14.5,Low
76,16,6,18,18,24.0,Low
86,19,7,14,20,23.5,Low
76,6,6,9,3,0.0,High
51,22,2,17,20,39.0,Low
76,24,6,25,16,28.0,Low
88,16,8,12,11,25.0,Low
88,8,8,5,11,15.0,High
95,20,8,21,20,21.0,Low
83,20,6,23,20,24.0,Low
95,5,7,2,6,6.5,High
67,6,3,8,3,8.0,High
86,7,7,10,0,8.5,Medium
54,24,5,25,19,38.0,Low
45,21,5,22,18,30.5,Low
83,24,6,22,19,31.0,Low
98,5,7,3,6,7.5,High
59,24,5,22,20,29.0,Low
89,10,7,10,13,18.0,Low
53,19,2,17,20,34.5,Low
41,18,2,17,12,36.0,Low
48,24,1,25,20,27.0,Low
76,19,6,20,20,27.5,Low
59,18,4,20,20,19.0,Medium
65,9,5,8,4,9.5,High
68,10,5,9,4,11.0,High
40,21,1,22,20,21.5,Low
94,15,8,17,9,19.5,Low
74,20,3,23,13,20.0,Low
45,16,1,12,18,21.0,Medium
76,19,9,16,13,31.5,Low
92,8,8,4,12,15.0,High
98,22,7,25,20,24.0,Low
44,7,1,8,8,7.5,High
72,12,2,8,4,26.0,Medium
88,7,6,3,1,9.5,High
90,12,7,8,12,14.0,Medium
53,22,4,20,17,35.0,Low
51,14,5,9,8,25.0,Low
81,24,8,20,20,36.0,Low
59,21,2,18,13,34.5,Low
92,12,8,13,8,18.0,Low
89,15,6,19,7,13.5,Low
63,9,4,4,7,4.5,High
98,17,9,17,13,26.5,Low
82,9,8,6,2,17.5,High
73,17,4,14,20,31.5,Low
64,10,4,8,2,18.0,Medium
89,9,5,7,11,18.5,Medium
68,13,5,14,11,16.5,Low
96,20,7,17,20,36.0,Low
78,6,9,8,0,3.0,Medium
70,5,5,7,0,8.5,High
95,12,6,13,14,13.0,Medium
86,23,6,19,20,40.0,Low
82,15,5,14,12,16.5,Low
89,16,7,16,14,19.0,Low
62,16,4,20,18,22.0,Low
83,11,5,9,13,20.5,Medium
77,17,7,21,9,24.5,Low
59,12,3,11,10,24.0,Medium
62,13,5,16,6,27.5,Low
84,11,8,12,8,17.5,Medium
91,19,8,15,20,26.5,Low
55,6,4,1,5,13.0,High
89,24,9,20,20,39.0,Low
81,16,6,13,12,14.0,Low
99,5,6,1,6,13.5,Medium
94,12,9,9,6,8.0,Medium
47,9,3,13,11,15.5,High
89,19,8,22,18,25.5,Low
60,5,5,3,4,9.5,High
40,5,2,8,0,12.5,High
94,14,7,11,13,12.0,Low
47,14,5,9,10,23.0,Medium
68,19,5,18,20,35.5,Low
71,21,3,25,20,23.5,Low
77,10,6,14,6,17.0,Medium
44,7,4,3,1,18.5,High
86,17,5,15,15,27.5,Low
61,20,4,16,20,38.0,Low
86,12,8,8,14,11.0,Medium
73,19,3,16,19,36.5,Low
40,21,2,20,20,38.5,Medium
94,21,7,19,13,26.5,Low
94,17,8,13,9,33.5,Low
65,21,5,25,20,24.5,Low
82,10,9,6,13,8.0,High
49,21,4,21,20,27.5,Medium
69,20,5,21,20,26.0,Low
89,18,6,22,14,32.0,Low
57,17,4,17,9,30.5,Medium
56,10,4,11,5,9.0,High
65,7,2,2,10,14.5,Medium
47,18,2,18,10,20.0,Low
86,18,8,15,11,29.0,Low
79,19,7,14,12,36.5,Low
88,12,6,14,7,14.0,Low
51,19,4,17,18,29.5,Medium
66,17,1,21,10,23.5,Low
47,21,1,23,20,37.5,Medium
64,7,2,11,10,1.5,Medium
85,10,9,8,10,20.0,Medium
43,9,1,7,2,9.5,High
72,21,5,25,13,38.5,Low
40,6,3,4,7,5.0,High
58,19,3,19,20,18.5,Low
70,9,4,12,9,5.5,Medium
55,24,3,23,17,36.0,Low
53,10,4,14,9,19.0,Medium
92,10,6,12,4,7.0,High
87,22,5,24,14,35.0,Low
44,22,5,20,20,26.0,Low
80,8,6,12,0,9.0,Medium
65,21,3,24,20,24.5,Low
67,18,5,21,11,34.0,Low
41,18,1,17,16,23.0,Low
89,17,6,17,20,25.5,Low
45,11,1,10,8,9.5,High
48,16,1,13,19,26.0,Medium
72,19,3,21,20,26.5,Low
80,23,8,25,16,32.5,Low
64,15,5,13,10,30.5,Low
87,19,8,22,12,20.5,Low
52,16,2,19,8,25.0,Medium
48,7,4,8,10,10.5,High
92,21,8,23,15,40.0,Low
52,7,3,4,2,10.5,High
70,23,1,22,20,40.0,Low
80,24,8,21,20,39.0,Low
50,8,2,9,4,17.0,High
43,7,4,7,5,9.5,High
73,20,1,17,20,23.0,Low
77,16,7,19,15,23.0,Low
85,12,9,7,12,27.0,Low
43,21,1,25,20,32.5,Low
77,11,6,8,9,14.5,High
58,15,2,19,11,26.5,Low
45,22,3,23,20,31.0,Low
73,5,4,2,4,3.5,High
57,7,2,4,8,11.5,High
52,8,3,4,8,21.0,Medium
80,17,5,20,18,28.5,Low
62,10,5,8,9,20.0,Medium
58,18,5,22,15,35.0,Low
84,9,5,9,4,5.5,Medium
50,20,4,16,20,30.0,Medium
40,19,3,22,20,37.5,Medium
63,19,4,20,19,36.5,Low
93,8,7,12,9,9.0,Medium
46,12,3,11,13,27.0,Medium
64,20,3,21,20,27.0,Low
60,20,2,18,20,22.0,Low
54,8,4,12,2,11.0,High
40,17,4,18,19,27.5,Low
51,17,2,13,20,23.5,Low
97,6,9,7,0,4.0,High
46,7,1,5,9,14.5,High
54,12,4,10,9,23.0,Low
60,19,2,14,16,22.5,Low
58,15,3,12,19,24.5,Low
99,13,7,12,17,27.5,Low
68,11,5,10,8,7.5,Medium
64,17,1,13,13,20.5,Low
72,6,5,4,2,0.0,High
88,12,7,7,5,22.0,Low
71,11,3,14,9,20.5,Low
88,16,8,11,19,27.0,Low
74,23,3,23,18,30.5,Low
83,11,7,12,5,10.5,Medium
77,14,8,11,13,30.0,Low
65,20,3,15,15,35.0,Low
50,7,2,8,9,16.5,High
74,14,3,11,9,21.0,Low
47,10,5,14,9,19.0,Medium
85,22,6,22,14,40.0,Low
53,22,4,22,20,38.0,Medium
49,9,5,7,7,5.5,High
41,11,1,11,14,11.5,Medium
85,6,6,10,0,11.0,High
48,15,1,13,17,12.5,High
42,17,2,19,20,28.5,Medium
60,9,5,12,6,4.5,Medium
65,10,1,6,9,6.0,High
47,18,4,19,20,31.0,Low
87,16,9,19,12,31.0,Low
41,8,4,11,5,10.0,High
45,10,5,9,13,7.0,High
67,14,3,9,15,14.0,Medium
92,22,7,22,20,37.0,Low
68,19,3,21,20,22.5,Low
65,12,2,7,9,27.0,Low
64,13,4,9,16,28.5,Low
51,9,4,4,9,7.5,High
44,14,2,13,17,20.0,Low
73,24,2,20,20,40.0,Low
87,10,6,14,10,16.0,Low
76,20,5,24,17,33.0,Low
54,7,4,5,10,10.5,High
83,14,6,9,17,29.0,Low
75,15,2,16,15,17.5,Low
54,15,2,17,9,21.5,Low
82,21,6,20,17,40.0,Low
87,8,5,4,1,4.0,High
62,8,3,10,11,16.0,High
45,21,3,16,20,31.5,Medium
85,13,6,14,17,10.5,Low
89,23,7,18,20,29.5,Low
83,9,7,9,11,19.5,Medium
98,10,7,10,14,22.0,Medium
82,7,5,6,2,3.5,Medium
84,5,9,1,2,5.5,High
60,24,3,20,20,35.0,Low
62,20,5,23,16,21.0,Low
82,15,6,14,18,22.5,Low
94,17,8,16,20,25.5,Low
55,14,4,15,6,21.0,Medium
86,7,5,7,9,0.5,High
92,13,8,9,11,22.5,Low
99,16,9,11,17,14.0,Medium
54,18,2,17,17,25.0,Medium
64,5,3,3,0,0.0,High
75,22,2,19,20,26.0,Low
50,21,3,17,19,21.5,Low
90,13,9,17,8,27.5,Low
54,13,1,9,10,18.5,Medium
43,14,4,12,14,25.0,Medium
60,23,3,19,19,40.0,Low
52,19,5,17,18,21.5,Low
61,9,4,6,5,22.5,Medium
58,19,5,22,12,31.5,Medium
73,24,5,25,19,30.0,Low
53,6,3,3,0,13.0,High
43,17,3,19,15,29.5,Medium
87,20,5,23,18,35.0,Low
92,19,8,20,13,33.5,Low
91,14,5,14,18,14.0,Medium
85,18,6,16,16,25.0,Low
66,14,4,13,6,11.0,Low
68,18,5,20,10,21.0,Low
86,13,5,10,13,17.5,Low
67,18,1,14,15,36.0,Low
74,7,4,4,11,4.5,Medium
47,24,2,25,20,29.0,Medium
55,20,1,22,16,35.0,Medium
81,6,5,1,10,0.0,Medium
75,14,2,15,11,26.0,Low
69,7,3,10,4,17.5,High
57,15,4,12,7,13.5,Medium
41,15,2,12,11,27.5,Low
88,17,8,19,17,15.5,Medium
52,11,2,9,6,21.5,High
43,21,3,23,15,23.5,Low
65,6,4,5,0,13.0,High
64,16,4,13,9,24.0,Low
69,14,4,12,8,20.0,Low
50,22,3,20,17,39.0,Low
46,15,1,17,13,15.5,Medium
70,20,4,20,17,36.0,Low
83,21,8,22,20,24.5,Low
49,23,2,25,20,40.0,Medium
78,22,8,22,20,23.0,Low
52,7,1,4,4,13.5,High
70,20,4,17,18,30.0,Low
46,10,5,7,5,11.0,High
95,16,5,20,9,30.0,Low
88,15,6,11,15,15.5,Low
81,19,9,14,19,27.5,Low
81,19,7,23,14,34.5,Low
95,20,8,15,20,23.0,Low
75,14,4,12,8,29.0,Low
59,16,4,13,17,31.0,Low
43,17,2,16,19,31.5,Medium
93,8,5,11,5,7.0,High
46,11,5,13,5,12.5,Medium
93,6,6,9,0,4.0,Medium
40,19,2,18,14,29.5,Low
83,12,9,14,4,16.0,Low
95,11,8,9,4,23.5,Medium
84,19,5,18,13,19.5,Low
81,18,8,15,17,33.0,Low
86,12,5,11,13,8.0,Low
98,16,6,13,11,22.0,Low
52,17,1,16,12,20.5,Low
94,15,9,14,19,13.5,Low
61,21,1,21,20,26.5,Low
93,21,8,24,20,29.5,Low
60,8,2,3,6,4.0,High
61,12,4,16,5,23.0,Low
67,9,1,9,3,17.5,High
48,20,4,15,15,31.0,Low
65,8,4,8,3,9.0,Medium
48,19,4,15,20,23.5,Medium
54,16,3,18,15,16.0,Medium
49,9,1,6,10,6.5,High
63,20,1,24,20,29.0,Low
97,18,5,18,15,30.0,Low
96,14,9,14,8,25.0,Low
81,11,9,9,13,12.5,Medium
47,17,3,16,17,21.5,Medium
63,24,5,20,20,33.0,Low
55,9,3,13,8,12.5,High
88,7,7,11,7,18.5,Medium
65,19,4,21,15,36.5,Low
66,8,1,12,2,3.0,High
76,19,8,20,14,32.5,Low
43,18,2,22,20,17.0,Medium
89,24,5,24,20,35.0,Low
63,23,3,24,19,29.5,Low
58,17,5,12,17,27.5,Low
75,14,5,13,14,20.0,Low
99,9,9,10,3,14.5,High
78,24,9,19,20,31.0,Low
49,24,2,20,20,31.0,Medium
64,10,5,13,5,5.0,Medium
57,8,3,5,4,13.0,High
58,6,4,6,7,8.0,High
75,20,1,21,13,33.0,Low
49,22,4,25,20,37.0,Medium
72,9,4,8,7,6.5,High
94,8,8,6,3,2.0,High
89,17,7,13,10,22.5,Low
44,23,3,20,20,26.5,Low
86,6,6,5,3,12.0,High
88,17,9,13,19,31.5,Low
74,15,2,13,18,13.5,Low
83,8,7,3,1,16.0,High
73,24,5,22,20,31.0,Low
72,24,1,25,17,30.0,Low
94,19,8,16,17,31.5,Low
60,8,3,12,0,20.0,Medium
56,13,2,15,11,17.5,Medium
61,11,3,11,12,13.5,High
87,23,9,23,19,26.5,Low
76,23,5,18,15,40.0,Low
54,10,5,9,7,12.0,High
74,10,4,7,8,20.0,Medium
67,24,1,25,16,40.0,Low
46,19,4,14,19,32.5,Low
71,19,2,21,17,33.5,Low
50,24,3,25,16,26.0,Low
49,13,5,14,7,18.5,Medium
48,8,1,12,4,20.0,Medium
53,22,5,25,17,27.0,Low
52,22,5,25,15,40.0,Low
96,9,6,7,1,5.5,High
64,24,1,24,19,29.0,Low
41,15,1,18,13,15.5,Medium
74,9,5,6,11,13.5,Medium
46,8,3,11,3,10.0,High
60,16,4,14,16,14.0,Medium
57,6,5,5,5,14.0,High
42,17,2,18,16,23.5,Low
81,14,9,14,10,21.0,Low
93,13,6,17,16,14.5,Low
78,14,5,16,6,27.0,Low
80,11,6,13,11,17.5,Medium
88,8,8,10,1,9.0,High
50,23,4,20,20,39.5,Low
78,14,6,18,15,15.0,Medium
63,7,5,7,3,0.5,High
99,23,8,24,20,40.0,Low
85,6,9,9,10,6.0,Medium
58,24,3,25,20,35.0,Medium
43,14,5,18,16,28.0,Low
65,6,2,4,0,13.0,High
77,6,9,5,3,18.0,High
81,21,5,23,18,33.5,Low
71,20,3,15,20,29.0,Low
78,20,7,20,14,28.0,Low
84,18,9,16,20,29.0,Low
85,11,7,10,14,8.5,Medium
75,15,2,14,18,14.5,Medium
79,5,7,1,3,0.0,Medium
76,15,9,17,17,13.5,Low
72,8,2,4,3,12.0,High
75,11,4,9,7,19.5,Medium
42,19,2,18,19,27.5,Low
48,22,1,17,19,29.0,Low
47,16,2,16,17,14.0,Medium
72,21,5,17,20,27.5,Low
